"matssname","source","biomass_ratio","Dynamics"
"bbs_rtrg_1_14","ratio_sim",0.847428875412934,"Abundance driven"
"bbs_rtrg_1_14","ratio_real",1.37030326545154,"Observed"
"bbs_rtrg_1_2","ratio_sim",0.33962022514582,"Abundance driven"
"bbs_rtrg_1_2","ratio_real",0.663131354537766,"Observed"
"bbs_rtrg_1_21","ratio_sim",0.800125052875109,"Abundance driven"
"bbs_rtrg_1_21","ratio_real",0.800125052875109,"Observed"
"bbs_rtrg_1_36","ratio_sim",0.690835642377128,"Abundance driven"
"bbs_rtrg_1_36","ratio_real",0.690835642377128,"Observed"
"bbs_rtrg_1_46","ratio_sim",0.779451045600532,"Abundance driven"
"bbs_rtrg_1_46","ratio_real",0.779451045600532,"Observed"
"bbs_rtrg_1_47","ratio_sim",0.48140172211197,"Abundance driven"
"bbs_rtrg_1_47","ratio_real",0.832047435641765,"Observed"
"bbs_rtrg_1_52","ratio_sim",0.763215168491695,"Abundance driven"
"bbs_rtrg_1_52","ratio_real",0.763215168491695,"Observed"
"bbs_rtrg_1_64","ratio_sim",2.0026509746422,"Abundance driven"
"bbs_rtrg_1_64","ratio_real",2.0026509746422,"Observed"
"bbs_rtrg_1_76","ratio_sim",0.761327325202952,"Abundance driven"
"bbs_rtrg_1_76","ratio_real",1.63722264798006,"Observed"
"bbs_rtrg_1_81","ratio_sim",0.528632497713444,"Abundance driven"
"bbs_rtrg_1_81","ratio_real",0.528632497713444,"Observed"
"bbs_rtrg_1_82","ratio_sim",1.90908985544482,"Abundance driven"
"bbs_rtrg_1_82","ratio_real",1.90908985544482,"Observed"
"bbs_rtrg_1_83","ratio_sim",0.639136617617102,"Abundance driven"
"bbs_rtrg_1_83","ratio_real",0.639136617617102,"Observed"
"bbs_rtrg_1_89","ratio_sim",2.05548165482823,"Abundance driven"
"bbs_rtrg_1_89","ratio_real",2.05548165482823,"Observed"
"bbs_rtrg_10_25","ratio_sim",0.406076688521374,"Abundance driven"
"bbs_rtrg_10_25","ratio_real",0.406076688521374,"Observed"
"bbs_rtrg_10_27","ratio_sim",1.42702650150854,"Abundance driven"
"bbs_rtrg_10_27","ratio_real",1.42702650150854,"Observed"
"bbs_rtrg_10_33","ratio_sim",3.36189568607068,"Abundance driven"
"bbs_rtrg_10_33","ratio_real",3.36189568607068,"Observed"
"bbs_rtrg_10_34","ratio_sim",0.732987421877628,"Abundance driven"
"bbs_rtrg_10_34","ratio_real",0.732987421877628,"Observed"
"bbs_rtrg_10_35","ratio_sim",0.776997462539693,"Abundance driven"
"bbs_rtrg_10_35","ratio_real",0.493155759947053,"Observed"
"bbs_rtrg_10_39","ratio_sim",0.909068330369778,"Abundance driven"
"bbs_rtrg_10_39","ratio_real",1.67379001806187,"Observed"
"bbs_rtrg_10_4","ratio_sim",1.90287527697397,"Abundance driven"
"bbs_rtrg_10_4","ratio_real",1.90287527697397,"Observed"
"bbs_rtrg_10_52","ratio_sim",0.812007708438153,"Abundance driven"
"bbs_rtrg_10_52","ratio_real",0.812007708438153,"Observed"
"bbs_rtrg_10_58","ratio_sim",0.874445316625392,"Abundance driven"
"bbs_rtrg_10_58","ratio_real",2.25085164057904,"Observed"
"bbs_rtrg_10_59","ratio_sim",0.578090801408783,"Abundance driven"
"bbs_rtrg_10_59","ratio_real",0.578090801408783,"Observed"
"bbs_rtrg_10_63","ratio_sim",0.909447821249289,"Abundance driven"
"bbs_rtrg_10_63","ratio_real",1.76380247409364,"Observed"
"bbs_rtrg_10_64","ratio_sim",2.18046715152171,"Abundance driven"
"bbs_rtrg_10_64","ratio_real",2.18046715152171,"Observed"
"bbs_rtrg_10_7","ratio_sim",0.61287321713837,"Abundance driven"
"bbs_rtrg_10_7","ratio_real",0.61287321713837,"Observed"
"bbs_rtrg_10_82","ratio_sim",0.512056793111833,"Abundance driven"
"bbs_rtrg_10_82","ratio_real",0.897647592866422,"Observed"
"bbs_rtrg_10_87","ratio_sim",0.433262111589857,"Abundance driven"
"bbs_rtrg_10_87","ratio_real",0.784959096090275,"Observed"
"bbs_rtrg_10_91","ratio_sim",0.615139389397407,"Abundance driven"
"bbs_rtrg_10_91","ratio_real",1.06621748177802,"Observed"
"bbs_rtrg_100_61","ratio_sim",0.431053263006809,"Abundance driven"
"bbs_rtrg_100_61","ratio_real",0.431053263006809,"Observed"
"bbs_rtrg_101_42","ratio_sim",0.649634518082197,"Abundance driven"
"bbs_rtrg_101_42","ratio_real",1.78511386423341,"Observed"
"bbs_rtrg_101_63","ratio_sim",0.743836193089428,"Abundance driven"
"bbs_rtrg_101_63","ratio_real",1.34256403601314,"Observed"
"bbs_rtrg_102_45","ratio_sim",0.83807230388026,"Abundance driven"
"bbs_rtrg_102_45","ratio_real",0.83807230388026,"Observed"
"bbs_rtrg_103_45","ratio_sim",0.751999708092471,"Abundance driven"
"bbs_rtrg_103_45","ratio_real",0.751999708092471,"Observed"
"bbs_rtrg_103_64","ratio_sim",1.32486901328186,"Abundance driven"
"bbs_rtrg_103_64","ratio_real",1.32486901328186,"Observed"
"bbs_rtrg_104_92","ratio_sim",0.61073974902135,"Abundance driven"
"bbs_rtrg_104_92","ratio_real",1.14325767392077,"Observed"
"bbs_rtrg_105_2","ratio_sim",1.25554165420931,"Abundance driven"
"bbs_rtrg_105_2","ratio_real",3.16342184846031,"Observed"
"bbs_rtrg_105_45","ratio_sim",0.570775333942867,"Abundance driven"
"bbs_rtrg_105_45","ratio_real",0.570775333942867,"Observed"
"bbs_rtrg_107_45","ratio_sim",1.22263207408705,"Abundance driven"
"bbs_rtrg_107_45","ratio_real",1.22263207408705,"Observed"
"bbs_rtrg_107_66","ratio_sim",1.37822030490336,"Abundance driven"
"bbs_rtrg_107_66","ratio_real",1.37822030490336,"Observed"
"bbs_rtrg_108_14","ratio_sim",1.54163000596334,"Abundance driven"
"bbs_rtrg_108_14","ratio_real",1.54163000596334,"Observed"
"bbs_rtrg_108_85","ratio_sim",0.776198470380998,"Abundance driven"
"bbs_rtrg_108_85","ratio_real",0.776198470380998,"Observed"
"bbs_rtrg_109_21","ratio_sim",0.635552284738613,"Abundance driven"
"bbs_rtrg_109_21","ratio_real",0.635552284738613,"Observed"
"bbs_rtrg_109_52","ratio_sim",0.693969764679152,"Abundance driven"
"bbs_rtrg_109_52","ratio_real",0.693969764679152,"Observed"
"bbs_rtrg_109_85","ratio_sim",0.573083530507953,"Abundance driven"
"bbs_rtrg_109_85","ratio_real",0.573083530507953,"Observed"
"bbs_rtrg_11_17","ratio_sim",0.809170198185359,"Abundance driven"
"bbs_rtrg_11_17","ratio_real",0.809170198185359,"Observed"
"bbs_rtrg_11_35","ratio_sim",0.579723423027887,"Abundance driven"
"bbs_rtrg_11_35","ratio_real",0.579723423027887,"Observed"
"bbs_rtrg_11_46","ratio_sim",1.023172438376,"Abundance driven"
"bbs_rtrg_11_46","ratio_real",0.50691749000357,"Observed"
"bbs_rtrg_11_52","ratio_sim",0.770560743465028,"Abundance driven"
"bbs_rtrg_11_52","ratio_real",0.770560743465028,"Observed"
"bbs_rtrg_11_64","ratio_sim",1.16308647025357,"Abundance driven"
"bbs_rtrg_11_64","ratio_real",1.7971936460621,"Observed"
"bbs_rtrg_11_67","ratio_sim",0.454218846452075,"Abundance driven"
"bbs_rtrg_11_67","ratio_real",0.994086081650899,"Observed"
"bbs_rtrg_11_91","ratio_sim",1.28089930195291,"Abundance driven"
"bbs_rtrg_11_91","ratio_real",1.28089930195291,"Observed"
"bbs_rtrg_111_60","ratio_sim",1.31969564395196,"Abundance driven"
"bbs_rtrg_111_60","ratio_real",1.31969564395196,"Observed"
"bbs_rtrg_111_61","ratio_sim",0.580176331127721,"Abundance driven"
"bbs_rtrg_111_61","ratio_real",0.580176331127721,"Observed"
"bbs_rtrg_111_89","ratio_sim",1.45139607176771,"Abundance driven"
"bbs_rtrg_111_89","ratio_real",1.45139607176771,"Observed"
"bbs_rtrg_113_25","ratio_sim",0.396602161287259,"Abundance driven"
"bbs_rtrg_113_25","ratio_real",1.01386891322878,"Observed"
"bbs_rtrg_113_45","ratio_sim",0.84153616909132,"Abundance driven"
"bbs_rtrg_113_45","ratio_real",1.29609249853601,"Observed"
"bbs_rtrg_113_68","ratio_sim",0.797619752470213,"Abundance driven"
"bbs_rtrg_113_68","ratio_real",2.41990305052374,"Observed"
"bbs_rtrg_114_60","ratio_sim",0.488359851632699,"Abundance driven"
"bbs_rtrg_114_60","ratio_real",0.488359851632699,"Observed"
"bbs_rtrg_115_4","ratio_sim",1.52110413878995,"Abundance driven"
"bbs_rtrg_115_4","ratio_real",1.52110413878995,"Observed"
"bbs_rtrg_117_68","ratio_sim",1.3441795796869,"Abundance driven"
"bbs_rtrg_117_68","ratio_real",1.3441795796869,"Observed"
"bbs_rtrg_118_3","ratio_sim",1.62095570180415,"Abundance driven"
"bbs_rtrg_118_3","ratio_real",1.62095570180415,"Observed"
"bbs_rtrg_119_42","ratio_sim",0.58636395728308,"Abundance driven"
"bbs_rtrg_119_42","ratio_real",0.58636395728308,"Observed"
"bbs_rtrg_119_63","ratio_sim",0.781265517261538,"Abundance driven"
"bbs_rtrg_119_63","ratio_real",0.781265517261538,"Observed"
"bbs_rtrg_119_68","ratio_sim",0.755610128973868,"Abundance driven"
"bbs_rtrg_119_68","ratio_real",1.28060732965603,"Observed"
"bbs_rtrg_12_34","ratio_sim",0.531306898899816,"Abundance driven"
"bbs_rtrg_12_34","ratio_real",0.531306898899816,"Observed"
"bbs_rtrg_12_44","ratio_sim",0.536084122076662,"Abundance driven"
"bbs_rtrg_12_44","ratio_real",1.0663027088952,"Observed"
"bbs_rtrg_12_54","ratio_sim",1.55669245949786,"Abundance driven"
"bbs_rtrg_12_54","ratio_real",1.55669245949786,"Observed"
"bbs_rtrg_12_6","ratio_sim",0.539438921400962,"Abundance driven"
"bbs_rtrg_12_6","ratio_real",0.539438921400962,"Observed"
"bbs_rtrg_12_68","ratio_sim",0.355685871112178,"Abundance driven"
"bbs_rtrg_12_68","ratio_real",1.0981739295054,"Observed"
"bbs_rtrg_12_85","ratio_sim",0.567931144356388,"Abundance driven"
"bbs_rtrg_12_85","ratio_real",0.567931144356388,"Observed"
"bbs_rtrg_12_91","ratio_sim",0.633150046351393,"Abundance driven"
"bbs_rtrg_12_91","ratio_real",1.09599006095278,"Observed"
"bbs_rtrg_120_44","ratio_sim",0.478837956639988,"Abundance driven"
"bbs_rtrg_120_44","ratio_real",0.842615615856358,"Observed"
"bbs_rtrg_121_61","ratio_sim",0.655155403364794,"Abundance driven"
"bbs_rtrg_121_61","ratio_real",0.655155403364794,"Observed"
"bbs_rtrg_121_85","ratio_sim",0.720337645049959,"Abundance driven"
"bbs_rtrg_121_85","ratio_real",0.720337645049959,"Observed"
"bbs_rtrg_123_46","ratio_sim",0.819833380328793,"Abundance driven"
"bbs_rtrg_123_46","ratio_real",1.25229995559678,"Observed"
"bbs_rtrg_126_46","ratio_sim",0.81071013619264,"Abundance driven"
"bbs_rtrg_126_46","ratio_real",1.37429242725297,"Observed"
"bbs_rtrg_126_60","ratio_sim",0.470162818598798,"Abundance driven"
"bbs_rtrg_126_60","ratio_real",0.470162818598798,"Observed"
"bbs_rtrg_128_33","ratio_sim",0.520037961232206,"Abundance driven"
"bbs_rtrg_128_33","ratio_real",0.520037961232206,"Observed"
"bbs_rtrg_129_25","ratio_sim",0.536670742503145,"Abundance driven"
"bbs_rtrg_129_25","ratio_real",1.17603167765195,"Observed"
"bbs_rtrg_13_35","ratio_sim",0.812173517406266,"Abundance driven"
"bbs_rtrg_13_35","ratio_real",0.812173517406266,"Observed"
"bbs_rtrg_13_38","ratio_sim",0.604924877158964,"Abundance driven"
"bbs_rtrg_13_38","ratio_real",0.604924877158964,"Observed"
"bbs_rtrg_13_44","ratio_sim",0.891516384624408,"Abundance driven"
"bbs_rtrg_13_44","ratio_real",1.94941273198189,"Observed"
"bbs_rtrg_13_45","ratio_sim",0.662909106543306,"Abundance driven"
"bbs_rtrg_13_45","ratio_real",0.662909106543306,"Observed"
"bbs_rtrg_13_46","ratio_sim",0.646369705825547,"Abundance driven"
"bbs_rtrg_13_46","ratio_real",0.646369705825547,"Observed"
"bbs_rtrg_13_58","ratio_sim",1.36440243647026,"Abundance driven"
"bbs_rtrg_13_58","ratio_real",1.36440243647026,"Observed"
"bbs_rtrg_13_60","ratio_sim",1.99287512730689,"Abundance driven"
"bbs_rtrg_13_60","ratio_real",1.99287512730689,"Observed"
"bbs_rtrg_13_7","ratio_sim",0.684167577428906,"Abundance driven"
"bbs_rtrg_13_7","ratio_real",0.684167577428906,"Observed"
"bbs_rtrg_13_82","ratio_sim",0.778229137160458,"Abundance driven"
"bbs_rtrg_13_82","ratio_real",1.92673835830278,"Observed"
"bbs_rtrg_130_60","ratio_sim",0.626226698578869,"Abundance driven"
"bbs_rtrg_130_60","ratio_real",0.626226698578869,"Observed"
"bbs_rtrg_130_82","ratio_sim",2.75851696061738,"Abundance driven"
"bbs_rtrg_130_82","ratio_real",2.75851696061738,"Observed"
"bbs_rtrg_131_49","ratio_sim",0.628277220791667,"Abundance driven"
"bbs_rtrg_131_49","ratio_real",0.628277220791667,"Observed"
"bbs_rtrg_131_52","ratio_sim",0.722701315345111,"Abundance driven"
"bbs_rtrg_131_52","ratio_real",0.722701315345111,"Observed"
"bbs_rtrg_136_69","ratio_sim",0.61695313086726,"Abundance driven"
"bbs_rtrg_136_69","ratio_real",0.932826957568798,"Observed"
"bbs_rtrg_137_14","ratio_sim",0.703800218992377,"Abundance driven"
"bbs_rtrg_137_14","ratio_real",0.703800218992377,"Observed"
"bbs_rtrg_139_82","ratio_sim",0.498640393880401,"Abundance driven"
"bbs_rtrg_139_82","ratio_real",0.498640393880401,"Observed"
"bbs_rtrg_14_2","ratio_sim",1.59776283198558,"Abundance driven"
"bbs_rtrg_14_2","ratio_real",1.59776283198558,"Observed"
"bbs_rtrg_14_25","ratio_sim",1.18648947705151,"Abundance driven"
"bbs_rtrg_14_25","ratio_real",1.18648947705151,"Observed"
"bbs_rtrg_14_33","ratio_sim",2.95318756774502,"Abundance driven"
"bbs_rtrg_14_33","ratio_real",6.43555576933292,"Observed"
"bbs_rtrg_14_34","ratio_sim",0.797352133127205,"Abundance driven"
"bbs_rtrg_14_34","ratio_real",0.410571141935609,"Observed"
"bbs_rtrg_14_36","ratio_sim",0.320181379156825,"Abundance driven"
"bbs_rtrg_14_36","ratio_real",0.320181379156825,"Observed"
"bbs_rtrg_14_38","ratio_sim",0.792581776960731,"Abundance driven"
"bbs_rtrg_14_38","ratio_real",0.792581776960731,"Observed"
"bbs_rtrg_14_46","ratio_sim",0.595845527953067,"Abundance driven"
"bbs_rtrg_14_46","ratio_real",0.427688628622766,"Observed"
"bbs_rtrg_14_47","ratio_sim",1.5837946050196,"Abundance driven"
"bbs_rtrg_14_47","ratio_real",1.5837946050196,"Observed"
"bbs_rtrg_14_52","ratio_sim",1.68383243713443,"Abundance driven"
"bbs_rtrg_14_52","ratio_real",1.68383243713443,"Observed"
"bbs_rtrg_14_54","ratio_sim",3.06913048820333,"Abundance driven"
"bbs_rtrg_14_54","ratio_real",0.831748073064596,"Observed"
"bbs_rtrg_14_58","ratio_sim",1.719599009272,"Abundance driven"
"bbs_rtrg_14_58","ratio_real",1.719599009272,"Observed"
"bbs_rtrg_14_68","ratio_sim",0.479245587783364,"Abundance driven"
"bbs_rtrg_14_68","ratio_real",0.935756698666985,"Observed"
"bbs_rtrg_14_88","ratio_sim",0.774224786499101,"Abundance driven"
"bbs_rtrg_14_88","ratio_real",1.11551230118056,"Observed"
"bbs_rtrg_140_83","ratio_sim",1.41238796385547,"Abundance driven"
"bbs_rtrg_140_83","ratio_real",1.41238796385547,"Observed"
"bbs_rtrg_15_25","ratio_sim",0.482165446929896,"Abundance driven"
"bbs_rtrg_15_25","ratio_real",0.482165446929896,"Observed"
"bbs_rtrg_15_38","ratio_sim",0.579184186279589,"Abundance driven"
"bbs_rtrg_15_38","ratio_real",1.60689167849288,"Observed"
"bbs_rtrg_15_46","ratio_sim",0.57180642563609,"Abundance driven"
"bbs_rtrg_15_46","ratio_real",0.57180642563609,"Observed"
"bbs_rtrg_15_50","ratio_sim",0.730642651463171,"Abundance driven"
"bbs_rtrg_15_50","ratio_real",1.30666750091983,"Observed"
"bbs_rtrg_15_58","ratio_sim",0.720972726926262,"Abundance driven"
"bbs_rtrg_15_58","ratio_real",1.3469724082512,"Observed"
"bbs_rtrg_15_67","ratio_sim",1.2319660491099,"Abundance driven"
"bbs_rtrg_15_67","ratio_real",1.2319660491099,"Observed"
"bbs_rtrg_15_68","ratio_sim",0.584749896083686,"Abundance driven"
"bbs_rtrg_15_68","ratio_real",1.94085899989863,"Observed"
"bbs_rtrg_15_85","ratio_sim",0.727865119457987,"Abundance driven"
"bbs_rtrg_15_85","ratio_real",0.727865119457987,"Observed"
"bbs_rtrg_153_14","ratio_sim",0.53916641229863,"Abundance driven"
"bbs_rtrg_153_14","ratio_real",2.07104220641146,"Observed"
"bbs_rtrg_155_14","ratio_sim",0.847103230498781,"Abundance driven"
"bbs_rtrg_155_14","ratio_real",0.847103230498781,"Observed"
"bbs_rtrg_155_72","ratio_sim",0.826117512811732,"Abundance driven"
"bbs_rtrg_155_72","ratio_real",0.826117512811732,"Observed"
"bbs_rtrg_16_38","ratio_sim",1.81090969241444,"Abundance driven"
"bbs_rtrg_16_38","ratio_real",1.81090969241444,"Observed"
"bbs_rtrg_16_46","ratio_sim",0.523124866955566,"Abundance driven"
"bbs_rtrg_16_46","ratio_real",0.523124866955566,"Observed"
"bbs_rtrg_16_52","ratio_sim",0.7159759403354,"Abundance driven"
"bbs_rtrg_16_52","ratio_real",0.7159759403354,"Observed"
"bbs_rtrg_16_82","ratio_sim",1.35966490893571,"Abundance driven"
"bbs_rtrg_16_82","ratio_real",2.99717371961827,"Observed"
"bbs_rtrg_16_90","ratio_sim",0.726210211396268,"Abundance driven"
"bbs_rtrg_16_90","ratio_real",2.10295973507228,"Observed"
"bbs_rtrg_166_14","ratio_sim",1.80189959845486,"Abundance driven"
"bbs_rtrg_166_14","ratio_real",1.80189959845486,"Observed"
"bbs_rtrg_168_66","ratio_sim",0.847418815676401,"Abundance driven"
"bbs_rtrg_168_66","ratio_real",0.847418815676401,"Observed"
"bbs_rtrg_17_2","ratio_sim",0.800681587063771,"Abundance driven"
"bbs_rtrg_17_2","ratio_real",1.24900071378931,"Observed"
"bbs_rtrg_17_36","ratio_sim",0.671303053616449,"Abundance driven"
"bbs_rtrg_17_36","ratio_real",0.671303053616449,"Observed"
"bbs_rtrg_17_50","ratio_sim",0.557705951943715,"Abundance driven"
"bbs_rtrg_17_50","ratio_real",0.557705951943715,"Observed"
"bbs_rtrg_17_53","ratio_sim",0.45929026201684,"Abundance driven"
"bbs_rtrg_17_53","ratio_real",0.805174866743289,"Observed"
"bbs_rtrg_17_54","ratio_sim",0.703705794072318,"Abundance driven"
"bbs_rtrg_17_54","ratio_real",0.703705794072318,"Observed"
"bbs_rtrg_17_60","ratio_sim",1.36049722147776,"Abundance driven"
"bbs_rtrg_17_60","ratio_real",3.108283742485,"Observed"
"bbs_rtrg_17_67","ratio_sim",0.742832257664229,"Abundance driven"
"bbs_rtrg_17_67","ratio_real",1.45634237332083,"Observed"
"bbs_rtrg_17_91","ratio_sim",1.3135033819986,"Abundance driven"
"bbs_rtrg_17_91","ratio_real",1.3135033819986,"Observed"
"bbs_rtrg_18_25","ratio_sim",0.531321397542163,"Abundance driven"
"bbs_rtrg_18_25","ratio_real",0.531321397542163,"Observed"
"bbs_rtrg_18_42","ratio_sim",0.831255982167238,"Abundance driven"
"bbs_rtrg_18_42","ratio_real",0.831255982167238,"Observed"
"bbs_rtrg_18_58","ratio_sim",0.434100145910614,"Abundance driven"
"bbs_rtrg_18_58","ratio_real",0.434100145910614,"Observed"
"bbs_rtrg_18_60","ratio_sim",1.57706271078238,"Abundance driven"
"bbs_rtrg_18_60","ratio_real",1.57706271078238,"Observed"
"bbs_rtrg_182_72","ratio_sim",0.404628175988393,"Abundance driven"
"bbs_rtrg_182_72","ratio_real",0.404628175988393,"Observed"
"bbs_rtrg_186_14","ratio_sim",0.450523937708246,"Abundance driven"
"bbs_rtrg_186_14","ratio_real",0.813677148264308,"Observed"
"bbs_rtrg_188_14","ratio_sim",0.738432946853789,"Abundance driven"
"bbs_rtrg_188_14","ratio_real",0.738432946853789,"Observed"
"bbs_rtrg_19_44","ratio_sim",0.716795677374387,"Abundance driven"
"bbs_rtrg_19_44","ratio_real",0.716795677374387,"Observed"
"bbs_rtrg_19_47","ratio_sim",2.81833011341092,"Abundance driven"
"bbs_rtrg_19_47","ratio_real",2.81833011341092,"Observed"
"bbs_rtrg_19_53","ratio_sim",0.670567694613882,"Abundance driven"
"bbs_rtrg_19_53","ratio_real",0.670567694613882,"Observed"
"bbs_rtrg_19_58","ratio_sim",0.540819099315426,"Abundance driven"
"bbs_rtrg_19_58","ratio_real",0.540819099315426,"Observed"
"bbs_rtrg_19_60","ratio_sim",1.49920930606572,"Abundance driven"
"bbs_rtrg_19_60","ratio_real",1.49920930606572,"Observed"
"bbs_rtrg_19_7","ratio_sim",1.31019488627376,"Abundance driven"
"bbs_rtrg_19_7","ratio_real",1.31019488627376,"Observed"
"bbs_rtrg_19_89","ratio_sim",0.865353302883191,"Abundance driven"
"bbs_rtrg_19_89","ratio_real",1.47386598243336,"Observed"
"bbs_rtrg_19_91","ratio_sim",0.455173935906818,"Abundance driven"
"bbs_rtrg_19_91","ratio_real",0.455173935906818,"Observed"
"bbs_rtrg_193_72","ratio_sim",1.30433421513472,"Abundance driven"
"bbs_rtrg_193_72","ratio_real",1.30433421513472,"Observed"
"bbs_rtrg_194_72","ratio_sim",0.71316193907604,"Abundance driven"
"bbs_rtrg_194_72","ratio_real",0.71316193907604,"Observed"
"bbs_rtrg_195_72","ratio_sim",0.555630259397534,"Abundance driven"
"bbs_rtrg_195_72","ratio_real",0.555630259397534,"Observed"
"bbs_rtrg_199_14","ratio_sim",1.25284529460287,"Abundance driven"
"bbs_rtrg_199_14","ratio_real",1.25284529460287,"Observed"
"bbs_rtrg_2_33","ratio_sim",2.92814388835113,"Abundance driven"
"bbs_rtrg_2_33","ratio_real",2.92814388835113,"Observed"
"bbs_rtrg_2_34","ratio_sim",0.578267911124958,"Abundance driven"
"bbs_rtrg_2_34","ratio_real",0.578267911124958,"Observed"
"bbs_rtrg_2_36","ratio_sim",1.91855191861983,"Abundance driven"
"bbs_rtrg_2_36","ratio_real",1.91855191861983,"Observed"
"bbs_rtrg_2_45","ratio_sim",0.667984224010645,"Abundance driven"
"bbs_rtrg_2_45","ratio_real",0.667984224010645,"Observed"
"bbs_rtrg_2_59","ratio_sim",0.577448632915861,"Abundance driven"
"bbs_rtrg_2_59","ratio_real",0.577448632915861,"Observed"
"bbs_rtrg_2_63","ratio_sim",1.28560786927161,"Abundance driven"
"bbs_rtrg_2_63","ratio_real",1.28560786927161,"Observed"
"bbs_rtrg_2_72","ratio_sim",0.739877202340571,"Abundance driven"
"bbs_rtrg_2_72","ratio_real",1.12911988896362,"Observed"
"bbs_rtrg_2_80","ratio_sim",0.306453550083744,"Abundance driven"
"bbs_rtrg_2_80","ratio_real",0.306453550083744,"Observed"
"bbs_rtrg_2_89","ratio_sim",2.4687359511487,"Abundance driven"
"bbs_rtrg_2_89","ratio_real",2.4687359511487,"Observed"
"bbs_rtrg_2_92","ratio_sim",0.589977103906509,"Abundance driven"
"bbs_rtrg_2_92","ratio_real",0.589977103906509,"Observed"
"bbs_rtrg_20_2","ratio_sim",0.488505695809334,"Abundance driven"
"bbs_rtrg_20_2","ratio_real",0.488505695809334,"Observed"
"bbs_rtrg_20_25","ratio_sim",0.422572274351104,"Abundance driven"
"bbs_rtrg_20_25","ratio_real",0.911841454025261,"Observed"
"bbs_rtrg_20_33","ratio_sim",0.548364919118458,"Abundance driven"
"bbs_rtrg_20_33","ratio_real",0.548364919118458,"Observed"
"bbs_rtrg_20_34","ratio_sim",0.550844777784905,"Abundance driven"
"bbs_rtrg_20_34","ratio_real",0.550844777784905,"Observed"
"bbs_rtrg_20_58","ratio_sim",0.630232026148611,"Abundance driven"
"bbs_rtrg_20_58","ratio_real",0.630232026148611,"Observed"
"bbs_rtrg_20_59","ratio_sim",0.392899730944897,"Abundance driven"
"bbs_rtrg_20_59","ratio_real",0.392899730944897,"Observed"
"bbs_rtrg_20_7","ratio_sim",1.44521517389603,"Abundance driven"
"bbs_rtrg_20_7","ratio_real",1.44521517389603,"Observed"
"bbs_rtrg_20_82","ratio_sim",1.25070484349835,"Abundance driven"
"bbs_rtrg_20_82","ratio_real",1.25070484349835,"Observed"
"bbs_rtrg_203_68","ratio_sim",0.869540393169119,"Abundance driven"
"bbs_rtrg_203_68","ratio_real",1.56704162552203,"Observed"
"bbs_rtrg_203_69","ratio_sim",1.38474247880633,"Abundance driven"
"bbs_rtrg_203_69","ratio_real",1.38474247880633,"Observed"
"bbs_rtrg_208_11","ratio_sim",0.708151686059413,"Abundance driven"
"bbs_rtrg_208_11","ratio_real",0.708151686059413,"Observed"
"bbs_rtrg_208_33","ratio_sim",0.525382106343518,"Abundance driven"
"bbs_rtrg_208_33","ratio_real",0.525382106343518,"Observed"
"bbs_rtrg_209_17","ratio_sim",1.39890265718427,"Abundance driven"
"bbs_rtrg_209_17","ratio_real",1.39890265718427,"Observed"
"bbs_rtrg_21_14","ratio_sim",0.736273326704079,"Abundance driven"
"bbs_rtrg_21_14","ratio_real",0.736273326704079,"Observed"
"bbs_rtrg_21_25","ratio_sim",1.43686239670314,"Abundance driven"
"bbs_rtrg_21_25","ratio_real",1.43686239670314,"Observed"
"bbs_rtrg_21_3","ratio_sim",1.28199371201581,"Abundance driven"
"bbs_rtrg_21_3","ratio_real",1.28199371201581,"Observed"
"bbs_rtrg_21_33","ratio_sim",0.315675384402973,"Abundance driven"
"bbs_rtrg_21_33","ratio_real",0.530306989733695,"Observed"
"bbs_rtrg_21_35","ratio_sim",0.623030266231886,"Abundance driven"
"bbs_rtrg_21_35","ratio_real",0.623030266231886,"Observed"
"bbs_rtrg_21_38","ratio_sim",4.23417475858643,"Abundance driven"
"bbs_rtrg_21_38","ratio_real",4.23417475858643,"Observed"
"bbs_rtrg_21_39","ratio_sim",2.39545529963148,"Abundance driven"
"bbs_rtrg_21_39","ratio_real",2.39545529963148,"Observed"
"bbs_rtrg_21_52","ratio_sim",0.421037246458167,"Abundance driven"
"bbs_rtrg_21_52","ratio_real",0.421037246458167,"Observed"
"bbs_rtrg_21_72","ratio_sim",1.16961842570026,"Abundance driven"
"bbs_rtrg_21_72","ratio_real",1.16961842570026,"Observed"
"bbs_rtrg_21_76","ratio_sim",0.43123594499009,"Abundance driven"
"bbs_rtrg_21_76","ratio_real",0.43123594499009,"Observed"
"bbs_rtrg_21_88","ratio_sim",0.759033441908247,"Abundance driven"
"bbs_rtrg_21_88","ratio_real",0.759033441908247,"Observed"
"bbs_rtrg_217_33","ratio_sim",0.856858211084985,"Abundance driven"
"bbs_rtrg_217_33","ratio_real",1.87418749399212,"Observed"
"bbs_rtrg_22_2","ratio_sim",0.28461147404508,"Abundance driven"
"bbs_rtrg_22_2","ratio_real",0.28461147404508,"Observed"
"bbs_rtrg_22_25","ratio_sim",0.372314280031232,"Abundance driven"
"bbs_rtrg_22_25","ratio_real",0.763114010502876,"Observed"
"bbs_rtrg_22_35","ratio_sim",1.36441959385603,"Abundance driven"
"bbs_rtrg_22_35","ratio_real",1.36441959385603,"Observed"
"bbs_rtrg_22_4","ratio_sim",2.13420732896686,"Abundance driven"
"bbs_rtrg_22_4","ratio_real",2.13420732896686,"Observed"
"bbs_rtrg_22_66","ratio_sim",0.782109560237989,"Abundance driven"
"bbs_rtrg_22_66","ratio_real",0.782109560237989,"Observed"
"bbs_rtrg_22_68","ratio_sim",1.26345659384485,"Abundance driven"
"bbs_rtrg_22_68","ratio_real",1.26345659384485,"Observed"
"bbs_rtrg_22_72","ratio_sim",4.04713858756429,"Abundance driven"
"bbs_rtrg_22_72","ratio_real",2.2378816669562,"Observed"
"bbs_rtrg_22_76","ratio_sim",0.807692409923652,"Abundance driven"
"bbs_rtrg_22_76","ratio_real",0.807692409923652,"Observed"
"bbs_rtrg_220_33","ratio_sim",0.435377746151944,"Abundance driven"
"bbs_rtrg_220_33","ratio_real",0.435377746151944,"Observed"
"bbs_rtrg_221_17","ratio_sim",0.690903203193355,"Abundance driven"
"bbs_rtrg_221_17","ratio_real",0.690903203193355,"Observed"
"bbs_rtrg_224_3","ratio_sim",1.14932990905494,"Abundance driven"
"bbs_rtrg_224_3","ratio_real",2.30283311327181,"Observed"
"bbs_rtrg_224_63","ratio_sim",0.674518729726674,"Abundance driven"
"bbs_rtrg_224_63","ratio_real",1.53732976517647,"Observed"
"bbs_rtrg_225_63","ratio_sim",0.58058263368715,"Abundance driven"
"bbs_rtrg_225_63","ratio_real",0.58058263368715,"Observed"
"bbs_rtrg_227_33","ratio_sim",0.343609585091594,"Abundance driven"
"bbs_rtrg_227_33","ratio_real",0.58034564485157,"Observed"
"bbs_rtrg_23_34","ratio_sim",0.552001467015346,"Abundance driven"
"bbs_rtrg_23_34","ratio_real",0.552001467015346,"Observed"
"bbs_rtrg_23_82","ratio_sim",0.679473989752658,"Abundance driven"
"bbs_rtrg_23_82","ratio_real",1.31762699844637,"Observed"
"bbs_rtrg_23_88","ratio_sim",0.696587444333148,"Abundance driven"
"bbs_rtrg_23_88","ratio_real",0.696587444333148,"Observed"
"bbs_rtrg_24_25","ratio_sim",0.436737299491161,"Abundance driven"
"bbs_rtrg_24_25","ratio_real",0.436737299491161,"Observed"
"bbs_rtrg_24_34","ratio_sim",1.33026619401153,"Abundance driven"
"bbs_rtrg_24_34","ratio_real",1.33026619401153,"Observed"
"bbs_rtrg_24_60","ratio_sim",0.702174205226899,"Abundance driven"
"bbs_rtrg_24_60","ratio_real",0.702174205226899,"Observed"
"bbs_rtrg_24_63","ratio_sim",1.25861104282772,"Abundance driven"
"bbs_rtrg_24_63","ratio_real",1.25861104282772,"Observed"
"bbs_rtrg_24_91","ratio_sim",1.46221836677673,"Abundance driven"
"bbs_rtrg_24_91","ratio_real",1.46221836677673,"Observed"
"bbs_rtrg_25_25","ratio_sim",0.285218465342278,"Abundance driven"
"bbs_rtrg_25_25","ratio_real",0.285218465342278,"Observed"
"bbs_rtrg_25_33","ratio_sim",1.44349998991618,"Abundance driven"
"bbs_rtrg_25_33","ratio_real",1.44349998991618,"Observed"
"bbs_rtrg_25_34","ratio_sim",0.74111869196987,"Abundance driven"
"bbs_rtrg_25_34","ratio_real",0.74111869196987,"Observed"
"bbs_rtrg_25_39","ratio_sim",0.805665162543674,"Abundance driven"
"bbs_rtrg_25_39","ratio_real",0.805665162543674,"Observed"
"bbs_rtrg_25_49","ratio_sim",0.589395529242133,"Abundance driven"
"bbs_rtrg_25_49","ratio_real",0.369694999684588,"Observed"
"bbs_rtrg_25_68","ratio_sim",0.635356029200495,"Abundance driven"
"bbs_rtrg_25_68","ratio_real",1.28665441051326,"Observed"
"bbs_rtrg_25_72","ratio_sim",1.68615610448806,"Abundance driven"
"bbs_rtrg_25_72","ratio_real",1.68615610448806,"Observed"
"bbs_rtrg_255_11","ratio_sim",0.589871950492707,"Abundance driven"
"bbs_rtrg_255_11","ratio_real",0.589871950492707,"Observed"
"bbs_rtrg_26_38","ratio_sim",0.75580024455077,"Abundance driven"
"bbs_rtrg_26_38","ratio_real",0.75580024455077,"Observed"
"bbs_rtrg_26_44","ratio_sim",0.902056979304308,"Abundance driven"
"bbs_rtrg_26_44","ratio_real",2.01704865650173,"Observed"
"bbs_rtrg_26_53","ratio_sim",0.730837866289914,"Abundance driven"
"bbs_rtrg_26_53","ratio_real",0.730837866289914,"Observed"
"bbs_rtrg_26_68","ratio_sim",1.42539568774768,"Abundance driven"
"bbs_rtrg_26_68","ratio_real",1.42539568774768,"Observed"
"bbs_rtrg_26_69","ratio_sim",1.04881249638089,"Abundance driven"
"bbs_rtrg_26_69","ratio_real",2.7752845222581,"Observed"
"bbs_rtrg_26_90","ratio_sim",0.87143718165967,"Abundance driven"
"bbs_rtrg_26_90","ratio_real",2.1352374544159,"Observed"
"bbs_rtrg_26_91","ratio_sim",0.630507949959307,"Abundance driven"
"bbs_rtrg_26_91","ratio_real",0.630507949959307,"Observed"
"bbs_rtrg_27_2","ratio_sim",1.89109636665364,"Abundance driven"
"bbs_rtrg_27_2","ratio_real",1.89109636665364,"Observed"
"bbs_rtrg_27_25","ratio_sim",0.550508349788691,"Abundance driven"
"bbs_rtrg_27_25","ratio_real",0.922673596215271,"Observed"
"bbs_rtrg_27_33","ratio_sim",0.42266973197886,"Abundance driven"
"bbs_rtrg_27_33","ratio_real",0.993195558256384,"Observed"
"bbs_rtrg_27_38","ratio_sim",1.64740688583838,"Abundance driven"
"bbs_rtrg_27_38","ratio_real",1.64740688583838,"Observed"
"bbs_rtrg_27_52","ratio_sim",0.40667368529712,"Abundance driven"
"bbs_rtrg_27_52","ratio_real",0.40667368529712,"Observed"
"bbs_rtrg_27_53","ratio_sim",0.537669292543243,"Abundance driven"
"bbs_rtrg_27_53","ratio_real",0.976328193295073,"Observed"
"bbs_rtrg_27_60","ratio_sim",1.20644238018608,"Abundance driven"
"bbs_rtrg_27_60","ratio_real",2.94055737493545,"Observed"
"bbs_rtrg_27_65","ratio_sim",0.599518811773608,"Abundance driven"
"bbs_rtrg_27_65","ratio_real",0.599518811773608,"Observed"
"bbs_rtrg_27_7","ratio_sim",0.300872625726596,"Abundance driven"
"bbs_rtrg_27_7","ratio_real",0.300872625726596,"Observed"
"bbs_rtrg_27_90","ratio_sim",2.01466465607534,"Abundance driven"
"bbs_rtrg_27_90","ratio_real",2.01466465607534,"Observed"
"bbs_rtrg_27_91","ratio_sim",0.717748021029446,"Abundance driven"
"bbs_rtrg_27_91","ratio_real",0.717748021029446,"Observed"
"bbs_rtrg_273_83","ratio_sim",2.07747067785974,"Abundance driven"
"bbs_rtrg_273_83","ratio_real",2.07747067785974,"Observed"
"bbs_rtrg_28_35","ratio_sim",0.743551685687438,"Abundance driven"
"bbs_rtrg_28_35","ratio_real",0.743551685687438,"Observed"
"bbs_rtrg_28_38","ratio_sim",0.691652104840866,"Abundance driven"
"bbs_rtrg_28_38","ratio_real",0.691652104840866,"Observed"
"bbs_rtrg_28_4","ratio_sim",0.387584759272998,"Abundance driven"
"bbs_rtrg_28_4","ratio_real",0.836661780426926,"Observed"
"bbs_rtrg_28_50","ratio_sim",0.928753280786746,"Abundance driven"
"bbs_rtrg_28_50","ratio_real",1.79737003028658,"Observed"
"bbs_rtrg_28_53","ratio_sim",0.650858296059384,"Abundance driven"
"bbs_rtrg_28_53","ratio_real",1.11599135094006,"Observed"
"bbs_rtrg_28_6","ratio_sim",0.652538297091253,"Abundance driven"
"bbs_rtrg_28_6","ratio_real",0.652538297091253,"Observed"
"bbs_rtrg_28_60","ratio_sim",1.40452958168692,"Abundance driven"
"bbs_rtrg_28_60","ratio_real",1.40452958168692,"Observed"
"bbs_rtrg_28_64","ratio_sim",2.19051979278173,"Abundance driven"
"bbs_rtrg_28_64","ratio_real",2.19051979278173,"Observed"
"bbs_rtrg_28_88","ratio_sim",0.534170857255784,"Abundance driven"
"bbs_rtrg_28_88","ratio_real",0.534170857255784,"Observed"
"bbs_rtrg_29_2","ratio_sim",1.33858675211769,"Abundance driven"
"bbs_rtrg_29_2","ratio_real",1.33858675211769,"Observed"
"bbs_rtrg_29_34","ratio_sim",0.822827963585466,"Abundance driven"
"bbs_rtrg_29_34","ratio_real",0.822827963585466,"Observed"
"bbs_rtrg_29_38","ratio_sim",0.805165927874079,"Abundance driven"
"bbs_rtrg_29_38","ratio_real",0.805165927874079,"Observed"
"bbs_rtrg_29_4","ratio_sim",0.729021715057027,"Abundance driven"
"bbs_rtrg_29_4","ratio_real",1.21124782515282,"Observed"
"bbs_rtrg_29_46","ratio_sim",0.793280144997238,"Abundance driven"
"bbs_rtrg_29_46","ratio_real",0.793280144997238,"Observed"
"bbs_rtrg_29_60","ratio_sim",0.370407257638946,"Abundance driven"
"bbs_rtrg_29_60","ratio_real",0.370407257638946,"Observed"
"bbs_rtrg_29_69","ratio_sim",0.696676168857545,"Abundance driven"
"bbs_rtrg_29_69","ratio_real",0.696676168857545,"Observed"
"bbs_rtrg_29_72","ratio_sim",1.02828750293269,"Abundance driven"
"bbs_rtrg_29_72","ratio_real",1.65302535134544,"Observed"
"bbs_rtrg_29_81","ratio_sim",1.29155194949455,"Abundance driven"
"bbs_rtrg_29_81","ratio_real",4.33857928320026,"Observed"
"bbs_rtrg_29_88","ratio_sim",0.598977744067197,"Abundance driven"
"bbs_rtrg_29_88","ratio_real",1.39549987041794,"Observed"
"bbs_rtrg_3_34","ratio_sim",0.414076970021458,"Abundance driven"
"bbs_rtrg_3_34","ratio_real",0.414076970021458,"Observed"
"bbs_rtrg_3_39","ratio_sim",1.99525146156167,"Abundance driven"
"bbs_rtrg_3_39","ratio_real",1.99525146156167,"Observed"
"bbs_rtrg_3_44","ratio_sim",0.35326675951711,"Abundance driven"
"bbs_rtrg_3_44","ratio_real",0.35326675951711,"Observed"
"bbs_rtrg_3_50","ratio_sim",0.670470972931119,"Abundance driven"
"bbs_rtrg_3_50","ratio_real",0.670470972931119,"Observed"
"bbs_rtrg_3_58","ratio_sim",0.931326413620561,"Abundance driven"
"bbs_rtrg_3_58","ratio_real",1.50106847795313,"Observed"
"bbs_rtrg_3_59","ratio_sim",1.08779794973158,"Abundance driven"
"bbs_rtrg_3_59","ratio_real",4.00462183958968,"Observed"
"bbs_rtrg_3_69","ratio_sim",0.567860209740282,"Abundance driven"
"bbs_rtrg_3_69","ratio_real",0.567860209740282,"Observed"
"bbs_rtrg_3_76","ratio_sim",0.747341611394779,"Abundance driven"
"bbs_rtrg_3_76","ratio_real",1.3244424700964,"Observed"
"bbs_rtrg_3_80","ratio_sim",0.718198536686197,"Abundance driven"
"bbs_rtrg_3_80","ratio_real",3.14296985246055,"Observed"
"bbs_rtrg_3_81","ratio_sim",1.2420776638542,"Abundance driven"
"bbs_rtrg_3_81","ratio_real",1.2420776638542,"Observed"
"bbs_rtrg_3_89","ratio_sim",0.397185827021943,"Abundance driven"
"bbs_rtrg_3_89","ratio_real",0.397185827021943,"Observed"
"bbs_rtrg_3_91","ratio_sim",0.586420458356611,"Abundance driven"
"bbs_rtrg_3_91","ratio_real",0.586420458356611,"Observed"
"bbs_rtrg_30_34","ratio_sim",0.736131381910699,"Abundance driven"
"bbs_rtrg_30_34","ratio_real",0.471884006428534,"Observed"
"bbs_rtrg_30_38","ratio_sim",0.678660016802651,"Abundance driven"
"bbs_rtrg_30_38","ratio_real",0.678660016802651,"Observed"
"bbs_rtrg_30_46","ratio_sim",1.47183740613746,"Abundance driven"
"bbs_rtrg_30_46","ratio_real",1.47183740613746,"Observed"
"bbs_rtrg_30_61","ratio_sim",0.741152667461951,"Abundance driven"
"bbs_rtrg_30_61","ratio_real",0.741152667461951,"Observed"
"bbs_rtrg_30_63","ratio_sim",1.38416383862579,"Abundance driven"
"bbs_rtrg_30_63","ratio_real",1.38416383862579,"Observed"
"bbs_rtrg_30_88","ratio_sim",0.600876228469443,"Abundance driven"
"bbs_rtrg_30_88","ratio_real",0.600876228469443,"Observed"
"bbs_rtrg_30_92","ratio_sim",0.431433353176755,"Abundance driven"
"bbs_rtrg_30_92","ratio_real",0.431433353176755,"Observed"
"bbs_rtrg_306_76","ratio_sim",0.915858274932644,"Abundance driven"
"bbs_rtrg_306_76","ratio_real",1.48896167741375,"Observed"
"bbs_rtrg_31_34","ratio_sim",0.440057521789893,"Abundance driven"
"bbs_rtrg_31_34","ratio_real",0.440057521789893,"Observed"
"bbs_rtrg_31_46","ratio_sim",0.692133078147304,"Abundance driven"
"bbs_rtrg_31_46","ratio_real",1.71337669373852,"Observed"
"bbs_rtrg_31_54","ratio_sim",2.4084733381992,"Abundance driven"
"bbs_rtrg_31_54","ratio_real",2.4084733381992,"Observed"
"bbs_rtrg_31_72","ratio_sim",0.823207118234442,"Abundance driven"
"bbs_rtrg_31_72","ratio_real",1.86103852050438,"Observed"
"bbs_rtrg_31_82","ratio_sim",0.712625688456957,"Abundance driven"
"bbs_rtrg_31_82","ratio_real",1.27369131132476,"Observed"
"bbs_rtrg_319_3","ratio_sim",0.745426794418592,"Abundance driven"
"bbs_rtrg_319_3","ratio_real",2.0743980629447,"Observed"
"bbs_rtrg_32_17","ratio_sim",0.790222923127164,"Abundance driven"
"bbs_rtrg_32_17","ratio_real",1.74537503695049,"Observed"
"bbs_rtrg_32_34","ratio_sim",0.676835314918096,"Abundance driven"
"bbs_rtrg_32_34","ratio_real",0.45987190813392,"Observed"
"bbs_rtrg_32_36","ratio_sim",0.558879997548282,"Abundance driven"
"bbs_rtrg_32_36","ratio_real",0.558879997548282,"Observed"
"bbs_rtrg_32_38","ratio_sim",1.64269910421411,"Abundance driven"
"bbs_rtrg_32_38","ratio_real",1.64269910421411,"Observed"
"bbs_rtrg_32_44","ratio_sim",0.585716944645683,"Abundance driven"
"bbs_rtrg_32_44","ratio_real",0.871856501527831,"Observed"
"bbs_rtrg_32_46","ratio_sim",0.783867176785823,"Abundance driven"
"bbs_rtrg_32_46","ratio_real",0.783867176785823,"Observed"
"bbs_rtrg_32_82","ratio_sim",0.675698619052054,"Abundance driven"
"bbs_rtrg_32_82","ratio_real",0.966433538721017,"Observed"
"bbs_rtrg_33_27","ratio_sim",0.570084318840573,"Abundance driven"
"bbs_rtrg_33_27","ratio_real",0.570084318840573,"Observed"
"bbs_rtrg_33_36","ratio_sim",0.727776317027126,"Abundance driven"
"bbs_rtrg_33_36","ratio_real",0.727776317027126,"Observed"
"bbs_rtrg_33_44","ratio_sim",1.64156677344109,"Abundance driven"
"bbs_rtrg_33_44","ratio_real",1.64156677344109,"Observed"
"bbs_rtrg_33_46","ratio_sim",0.637664708012491,"Abundance driven"
"bbs_rtrg_33_46","ratio_real",0.637664708012491,"Observed"
"bbs_rtrg_33_64","ratio_sim",0.701426891203555,"Abundance driven"
"bbs_rtrg_33_64","ratio_real",0.701426891203555,"Observed"
"bbs_rtrg_33_79","ratio_sim",1.38336459882363,"Abundance driven"
"bbs_rtrg_33_79","ratio_real",2.11393436082509,"Observed"
"bbs_rtrg_34_34","ratio_sim",0.614428742142223,"Abundance driven"
"bbs_rtrg_34_34","ratio_real",0.614428742142223,"Observed"
"bbs_rtrg_34_67","ratio_sim",2.35723024722235,"Abundance driven"
"bbs_rtrg_34_67","ratio_real",2.35723024722235,"Observed"
"bbs_rtrg_34_82","ratio_sim",0.887862786876073,"Abundance driven"
"bbs_rtrg_34_82","ratio_real",0.887862786876073,"Observed"
"bbs_rtrg_35_17","ratio_sim",1.60404007879041,"Abundance driven"
"bbs_rtrg_35_17","ratio_real",1.60404007879041,"Observed"
"bbs_rtrg_35_2","ratio_sim",0.280584439117197,"Abundance driven"
"bbs_rtrg_35_2","ratio_real",0.280584439117197,"Observed"
"bbs_rtrg_35_35","ratio_sim",1.24077507283319,"Abundance driven"
"bbs_rtrg_35_35","ratio_real",1.24077507283319,"Observed"
"bbs_rtrg_35_46","ratio_sim",0.830575108012881,"Abundance driven"
"bbs_rtrg_35_46","ratio_real",1.63887816111767,"Observed"
"bbs_rtrg_35_49","ratio_sim",0.590143583661943,"Abundance driven"
"bbs_rtrg_35_49","ratio_real",0.590143583661943,"Observed"
"bbs_rtrg_35_50","ratio_sim",0.916827697802605,"Abundance driven"
"bbs_rtrg_35_50","ratio_real",2.26690090830635,"Observed"
"bbs_rtrg_35_66","ratio_sim",1.31504840758939,"Abundance driven"
"bbs_rtrg_35_66","ratio_real",1.31504840758939,"Observed"
"bbs_rtrg_35_72","ratio_sim",1.82862780743786,"Abundance driven"
"bbs_rtrg_35_72","ratio_real",1.82862780743786,"Observed"
"bbs_rtrg_36_27","ratio_sim",1.38808749278433,"Abundance driven"
"bbs_rtrg_36_27","ratio_real",1.38808749278433,"Observed"
"bbs_rtrg_36_46","ratio_sim",0.944579746440143,"Abundance driven"
"bbs_rtrg_36_46","ratio_real",1.94753480227314,"Observed"
"bbs_rtrg_36_53","ratio_sim",0.788496275935342,"Abundance driven"
"bbs_rtrg_36_53","ratio_real",0.788496275935342,"Observed"
"bbs_rtrg_36_89","ratio_sim",2.3840909345512,"Abundance driven"
"bbs_rtrg_36_89","ratio_real",2.3840909345512,"Observed"
"bbs_rtrg_37_17","ratio_sim",0.917999857900198,"Abundance driven"
"bbs_rtrg_37_17","ratio_real",1.43926762016257,"Observed"
"bbs_rtrg_37_25","ratio_sim",2.47070157324393,"Abundance driven"
"bbs_rtrg_37_25","ratio_real",2.47070157324393,"Observed"
"bbs_rtrg_37_38","ratio_sim",1.73854715023679,"Abundance driven"
"bbs_rtrg_37_38","ratio_real",1.73854715023679,"Observed"
"bbs_rtrg_37_46","ratio_sim",0.732433203155548,"Abundance driven"
"bbs_rtrg_37_46","ratio_real",1.92570427695504,"Observed"
"bbs_rtrg_38_34","ratio_sim",0.427297096363601,"Abundance driven"
"bbs_rtrg_38_34","ratio_real",0.427297096363601,"Observed"
"bbs_rtrg_38_35","ratio_sim",0.870546540085256,"Abundance driven"
"bbs_rtrg_38_35","ratio_real",0.870546540085256,"Observed"
"bbs_rtrg_38_42","ratio_sim",0.601975757541909,"Abundance driven"
"bbs_rtrg_38_42","ratio_real",0.601975757541909,"Observed"
"bbs_rtrg_38_46","ratio_sim",1.97847234766339,"Abundance driven"
"bbs_rtrg_38_46","ratio_real",1.97847234766339,"Observed"
"bbs_rtrg_38_49","ratio_sim",0.681589725842306,"Abundance driven"
"bbs_rtrg_38_49","ratio_real",1.30138808459708,"Observed"
"bbs_rtrg_38_61","ratio_sim",0.693304636820716,"Abundance driven"
"bbs_rtrg_38_61","ratio_real",0.693304636820716,"Observed"
"bbs_rtrg_38_90","ratio_sim",1.69519933346421,"Abundance driven"
"bbs_rtrg_38_90","ratio_real",3.45685477411115,"Observed"
"bbs_rtrg_39_35","ratio_sim",0.79611620038096,"Abundance driven"
"bbs_rtrg_39_35","ratio_real",0.79611620038096,"Observed"
"bbs_rtrg_39_46","ratio_sim",0.728359949235784,"Abundance driven"
"bbs_rtrg_39_46","ratio_real",0.728359949235784,"Observed"
"bbs_rtrg_39_49","ratio_sim",1.25022168229098,"Abundance driven"
"bbs_rtrg_39_49","ratio_real",3.73477546319218,"Observed"
"bbs_rtrg_39_53","ratio_sim",1.66328231165599,"Abundance driven"
"bbs_rtrg_39_53","ratio_real",1.66328231165599,"Observed"
"bbs_rtrg_39_64","ratio_sim",0.469858090440683,"Abundance driven"
"bbs_rtrg_39_64","ratio_real",0.970381202612567,"Observed"
"bbs_rtrg_39_72","ratio_sim",0.654845931589125,"Abundance driven"
"bbs_rtrg_39_72","ratio_real",0.654845931589125,"Observed"
"bbs_rtrg_39_76","ratio_sim",0.621397237500682,"Abundance driven"
"bbs_rtrg_39_76","ratio_real",0.621397237500682,"Observed"
"bbs_rtrg_39_91","ratio_sim",1.84725731514842,"Abundance driven"
"bbs_rtrg_39_91","ratio_real",1.84725731514842,"Observed"
"bbs_rtrg_4_17","ratio_sim",0.481177951222689,"Abundance driven"
"bbs_rtrg_4_17","ratio_real",0.481177951222689,"Observed"
"bbs_rtrg_4_46","ratio_sim",0.806705289110425,"Abundance driven"
"bbs_rtrg_4_46","ratio_real",0.806705289110425,"Observed"
"bbs_rtrg_4_58","ratio_sim",0.796533452210388,"Abundance driven"
"bbs_rtrg_4_58","ratio_real",0.796533452210388,"Observed"
"bbs_rtrg_4_60","ratio_sim",1.8431404374351,"Abundance driven"
"bbs_rtrg_4_60","ratio_real",1.8431404374351,"Observed"
"bbs_rtrg_4_63","ratio_sim",3.54348250873545,"Abundance driven"
"bbs_rtrg_4_63","ratio_real",3.54348250873545,"Observed"
"bbs_rtrg_4_64","ratio_sim",1.66480779599599,"Abundance driven"
"bbs_rtrg_4_64","ratio_real",2.70636447432475,"Observed"
"bbs_rtrg_4_7","ratio_sim",0.468988682848653,"Abundance driven"
"bbs_rtrg_4_7","ratio_real",0.468988682848653,"Observed"
"bbs_rtrg_4_72","ratio_sim",1.62365499284977,"Abundance driven"
"bbs_rtrg_4_72","ratio_real",1.62365499284977,"Observed"
"bbs_rtrg_4_76","ratio_sim",0.727483901933568,"Abundance driven"
"bbs_rtrg_4_76","ratio_real",0.727483901933568,"Observed"
"bbs_rtrg_4_85","ratio_sim",1.52269659899081,"Abundance driven"
"bbs_rtrg_4_85","ratio_real",1.52269659899081,"Observed"
"bbs_rtrg_4_88","ratio_sim",3.58412553364827,"Abundance driven"
"bbs_rtrg_4_88","ratio_real",3.58412553364827,"Observed"
"bbs_rtrg_40_17","ratio_sim",0.662003801266378,"Abundance driven"
"bbs_rtrg_40_17","ratio_real",0.662003801266378,"Observed"
"bbs_rtrg_40_4","ratio_sim",0.32942575019013,"Abundance driven"
"bbs_rtrg_40_4","ratio_real",0.689235482141616,"Observed"
"bbs_rtrg_40_53","ratio_sim",0.769089883194155,"Abundance driven"
"bbs_rtrg_40_53","ratio_real",1.99002021839601,"Observed"
"bbs_rtrg_40_54","ratio_sim",2.10474839721442,"Abundance driven"
"bbs_rtrg_40_54","ratio_real",2.10474839721442,"Observed"
"bbs_rtrg_40_88","ratio_sim",1.3298314089339,"Abundance driven"
"bbs_rtrg_40_88","ratio_real",1.3298314089339,"Observed"
"bbs_rtrg_41_27","ratio_sim",1.37438472781955,"Abundance driven"
"bbs_rtrg_41_27","ratio_real",1.37438472781955,"Observed"
"bbs_rtrg_41_34","ratio_sim",0.577983692061735,"Abundance driven"
"bbs_rtrg_41_34","ratio_real",0.577983692061735,"Observed"
"bbs_rtrg_41_46","ratio_sim",0.652431697919161,"Abundance driven"
"bbs_rtrg_41_46","ratio_real",0.652431697919161,"Observed"
"bbs_rtrg_41_49","ratio_sim",1.28906132242366,"Abundance driven"
"bbs_rtrg_41_49","ratio_real",1.28906132242366,"Observed"
"bbs_rtrg_41_56","ratio_sim",0.467996983845144,"Abundance driven"
"bbs_rtrg_41_56","ratio_real",0.851388294912226,"Observed"
"bbs_rtrg_41_81","ratio_sim",0.589580483062421,"Abundance driven"
"bbs_rtrg_41_81","ratio_real",1.22924579299913,"Observed"
"bbs_rtrg_41_82","ratio_sim",0.82666690387629,"Abundance driven"
"bbs_rtrg_41_82","ratio_real",0.82666690387629,"Observed"
"bbs_rtrg_41_88","ratio_sim",1.40528063675622,"Abundance driven"
"bbs_rtrg_41_88","ratio_real",1.40528063675622,"Observed"
"bbs_rtrg_41_90","ratio_sim",0.785492096359988,"Abundance driven"
"bbs_rtrg_41_90","ratio_real",0.785492096359988,"Observed"
"bbs_rtrg_41_91","ratio_sim",1.67336239327827,"Abundance driven"
"bbs_rtrg_41_91","ratio_real",1.67336239327827,"Observed"
"bbs_rtrg_42_34","ratio_sim",0.668090132279918,"Abundance driven"
"bbs_rtrg_42_34","ratio_real",0.668090132279918,"Observed"
"bbs_rtrg_42_46","ratio_sim",1.39062452151088,"Abundance driven"
"bbs_rtrg_42_46","ratio_real",3.40296382722704,"Observed"
"bbs_rtrg_42_50","ratio_sim",2.80120997712351,"Abundance driven"
"bbs_rtrg_42_50","ratio_real",2.80120997712351,"Observed"
"bbs_rtrg_42_64","ratio_sim",1.1502432941294,"Abundance driven"
"bbs_rtrg_42_64","ratio_real",1.1502432941294,"Observed"
"bbs_rtrg_42_82","ratio_sim",1.46206133527866,"Abundance driven"
"bbs_rtrg_42_82","ratio_real",1.46206133527866,"Observed"
"bbs_rtrg_42_83","ratio_sim",0.88922319076486,"Abundance driven"
"bbs_rtrg_42_83","ratio_real",1.73237696584508,"Observed"
"bbs_rtrg_43_2","ratio_sim",0.58997476340542,"Abundance driven"
"bbs_rtrg_43_2","ratio_real",0.58997476340542,"Observed"
"bbs_rtrg_43_34","ratio_sim",1.8223914570787,"Abundance driven"
"bbs_rtrg_43_34","ratio_real",1.8223914570787,"Observed"
"bbs_rtrg_43_46","ratio_sim",1.16021564990715,"Abundance driven"
"bbs_rtrg_43_46","ratio_real",2.13919662362053,"Observed"
"bbs_rtrg_43_50","ratio_sim",0.620448882113065,"Abundance driven"
"bbs_rtrg_43_50","ratio_real",0.620448882113065,"Observed"
"bbs_rtrg_43_64","ratio_sim",0.685949049018486,"Abundance driven"
"bbs_rtrg_43_64","ratio_real",1.59369091370124,"Observed"
"bbs_rtrg_43_89","ratio_sim",0.829248613325223,"Abundance driven"
"bbs_rtrg_43_89","ratio_real",1.65028080299913,"Observed"
"bbs_rtrg_43_91","ratio_sim",0.107728301773782,"Abundance driven"
"bbs_rtrg_43_91","ratio_real",0.107728301773782,"Observed"
"bbs_rtrg_44_17","ratio_sim",0.733778192117061,"Abundance driven"
"bbs_rtrg_44_17","ratio_real",1.29718926702168,"Observed"
"bbs_rtrg_44_34","ratio_sim",0.374972652494245,"Abundance driven"
"bbs_rtrg_44_34","ratio_real",0.374972652494245,"Observed"
"bbs_rtrg_44_46","ratio_sim",0.603065939499079,"Abundance driven"
"bbs_rtrg_44_46","ratio_real",0.603065939499079,"Observed"
"bbs_rtrg_44_90","ratio_sim",1.61519112420042,"Abundance driven"
"bbs_rtrg_44_90","ratio_real",1.61519112420042,"Observed"
"bbs_rtrg_44_91","ratio_sim",0.556763594421695,"Abundance driven"
"bbs_rtrg_44_91","ratio_real",1.03148703664057,"Observed"
"bbs_rtrg_45_2","ratio_sim",0.722991009395287,"Abundance driven"
"bbs_rtrg_45_2","ratio_real",1.34229801349045,"Observed"
"bbs_rtrg_45_83","ratio_sim",0.641373496842955,"Abundance driven"
"bbs_rtrg_45_83","ratio_real",0.641373496842955,"Observed"
"bbs_rtrg_45_91","ratio_sim",0.386261874453483,"Abundance driven"
"bbs_rtrg_45_91","ratio_real",0.626547985908772,"Observed"
"bbs_rtrg_46_34","ratio_sim",1.54245718382829,"Abundance driven"
"bbs_rtrg_46_34","ratio_real",1.54245718382829,"Observed"
"bbs_rtrg_46_90","ratio_sim",1.26070683638637,"Abundance driven"
"bbs_rtrg_46_90","ratio_real",1.26070683638637,"Observed"
"bbs_rtrg_47_2","ratio_sim",0.611972199255653,"Abundance driven"
"bbs_rtrg_47_2","ratio_real",0.611972199255653,"Observed"
"bbs_rtrg_47_34","ratio_sim",0.777679884465818,"Abundance driven"
"bbs_rtrg_47_34","ratio_real",0.777679884465818,"Observed"
"bbs_rtrg_47_46","ratio_sim",2.27326875621678,"Abundance driven"
"bbs_rtrg_47_46","ratio_real",2.27326875621678,"Observed"
"bbs_rtrg_47_50","ratio_sim",1.46387637995222,"Abundance driven"
"bbs_rtrg_47_50","ratio_real",1.46387637995222,"Observed"
"bbs_rtrg_47_61","ratio_sim",0.583271749407435,"Abundance driven"
"bbs_rtrg_47_61","ratio_real",0.583271749407435,"Observed"
"bbs_rtrg_47_72","ratio_sim",0.805198487868418,"Abundance driven"
"bbs_rtrg_47_72","ratio_real",0.805198487868418,"Observed"
"bbs_rtrg_48_27","ratio_sim",1.02658863024395,"Abundance driven"
"bbs_rtrg_48_27","ratio_real",1.78158516491358,"Observed"
"bbs_rtrg_48_72","ratio_sim",1.20777338062761,"Abundance driven"
"bbs_rtrg_48_72","ratio_real",1.20777338062761,"Observed"
"bbs_rtrg_48_91","ratio_sim",1.54336824363657,"Abundance driven"
"bbs_rtrg_48_91","ratio_real",1.54336824363657,"Observed"
"bbs_rtrg_49_66","ratio_sim",0.960913395514362,"Abundance driven"
"bbs_rtrg_49_66","ratio_real",1.6324924801417,"Observed"
"bbs_rtrg_49_91","ratio_sim",0.545243960912221,"Abundance driven"
"bbs_rtrg_49_91","ratio_real",0.545243960912221,"Observed"
"bbs_rtrg_5_35","ratio_sim",0.702506597267926,"Abundance driven"
"bbs_rtrg_5_35","ratio_real",1.24586784912818,"Observed"
"bbs_rtrg_5_45","ratio_sim",1.13077294943226,"Abundance driven"
"bbs_rtrg_5_45","ratio_real",2.42925426046992,"Observed"
"bbs_rtrg_5_46","ratio_sim",0.845250064640226,"Abundance driven"
"bbs_rtrg_5_46","ratio_real",0.845250064640226,"Observed"
"bbs_rtrg_5_60","ratio_sim",1.48246320526042,"Abundance driven"
"bbs_rtrg_5_60","ratio_real",1.48246320526042,"Observed"
"bbs_rtrg_5_63","ratio_sim",1.17298613259352,"Abundance driven"
"bbs_rtrg_5_63","ratio_real",2.4191480623664,"Observed"
"bbs_rtrg_5_66","ratio_sim",1.29284891694791,"Abundance driven"
"bbs_rtrg_5_66","ratio_real",1.29284891694791,"Observed"
"bbs_rtrg_5_68","ratio_sim",0.630062829422483,"Abundance driven"
"bbs_rtrg_5_68","ratio_real",0.630062829422483,"Observed"
"bbs_rtrg_5_76","ratio_sim",0.483287993541815,"Abundance driven"
"bbs_rtrg_5_76","ratio_real",0.483287993541815,"Observed"
"bbs_rtrg_5_88","ratio_sim",1.38688393117367,"Abundance driven"
"bbs_rtrg_5_88","ratio_real",1.38688393117367,"Observed"
"bbs_rtrg_5_91","ratio_sim",1.38779093366098,"Abundance driven"
"bbs_rtrg_5_91","ratio_real",1.38779093366098,"Observed"
"bbs_rtrg_50_72","ratio_sim",0.754464510999324,"Abundance driven"
"bbs_rtrg_50_72","ratio_real",1.22990162419949,"Observed"
"bbs_rtrg_51_27","ratio_sim",1.40729132642065,"Abundance driven"
"bbs_rtrg_51_27","ratio_real",1.40729132642065,"Observed"
"bbs_rtrg_52_17","ratio_sim",0.49210683547235,"Abundance driven"
"bbs_rtrg_52_17","ratio_real",0.910030791567318,"Observed"
"bbs_rtrg_52_34","ratio_sim",0.690952270414216,"Abundance driven"
"bbs_rtrg_52_34","ratio_real",0.690952270414216,"Observed"
"bbs_rtrg_52_91","ratio_sim",0.257669427181465,"Abundance driven"
"bbs_rtrg_52_91","ratio_real",0.257669427181465,"Observed"
"bbs_rtrg_53_25","ratio_sim",0.62401893000155,"Abundance driven"
"bbs_rtrg_53_25","ratio_real",0.62401893000155,"Observed"
"bbs_rtrg_53_61","ratio_sim",1.96479908893585,"Abundance driven"
"bbs_rtrg_53_61","ratio_real",1.96479908893585,"Observed"
"bbs_rtrg_53_90","ratio_sim",3.47916532450594,"Abundance driven"
"bbs_rtrg_53_90","ratio_real",3.47916532450594,"Observed"
"bbs_rtrg_54_34","ratio_sim",0.496672477660284,"Abundance driven"
"bbs_rtrg_54_34","ratio_real",0.496672477660284,"Observed"
"bbs_rtrg_54_68","ratio_sim",0.677389073402279,"Abundance driven"
"bbs_rtrg_54_68","ratio_real",0.677389073402279,"Observed"
"bbs_rtrg_54_91","ratio_sim",0.656874337822847,"Abundance driven"
"bbs_rtrg_54_91","ratio_real",0.656874337822847,"Observed"
"bbs_rtrg_55_49","ratio_sim",0.695995978537476,"Abundance driven"
"bbs_rtrg_55_49","ratio_real",0.695995978537476,"Observed"
"bbs_rtrg_55_91","ratio_sim",1.47781431976932,"Abundance driven"
"bbs_rtrg_55_91","ratio_real",1.47781431976932,"Observed"
"bbs_rtrg_56_61","ratio_sim",0.828325132511959,"Abundance driven"
"bbs_rtrg_56_61","ratio_real",0.828325132511959,"Observed"
"bbs_rtrg_57_25","ratio_sim",0.266419516002714,"Abundance driven"
"bbs_rtrg_57_25","ratio_real",0.266419516002714,"Observed"
"bbs_rtrg_57_27","ratio_sim",1.72974598143054,"Abundance driven"
"bbs_rtrg_57_27","ratio_real",1.72974598143054,"Observed"
"bbs_rtrg_58_17","ratio_sim",0.564753985268843,"Abundance driven"
"bbs_rtrg_58_17","ratio_real",0.564753985268843,"Observed"
"bbs_rtrg_58_61","ratio_sim",0.851936528562966,"Abundance driven"
"bbs_rtrg_58_61","ratio_real",0.851936528562966,"Observed"
"bbs_rtrg_6_36","ratio_sim",0.676853217396093,"Abundance driven"
"bbs_rtrg_6_36","ratio_real",0.676853217396093,"Observed"
"bbs_rtrg_6_38","ratio_sim",1.51241134327672,"Abundance driven"
"bbs_rtrg_6_38","ratio_real",1.51241134327672,"Observed"
"bbs_rtrg_6_39","ratio_sim",0.704482723729424,"Abundance driven"
"bbs_rtrg_6_39","ratio_real",1.22778933322038,"Observed"
"bbs_rtrg_6_44","ratio_sim",0.637676666176696,"Abundance driven"
"bbs_rtrg_6_44","ratio_real",0.637676666176696,"Observed"
"bbs_rtrg_6_46","ratio_sim",1.62617973473025,"Abundance driven"
"bbs_rtrg_6_46","ratio_real",1.62617973473025,"Observed"
"bbs_rtrg_6_58","ratio_sim",0.807885119152949,"Abundance driven"
"bbs_rtrg_6_58","ratio_real",0.807885119152949,"Observed"
"bbs_rtrg_6_60","ratio_sim",1.6450669937244,"Abundance driven"
"bbs_rtrg_6_60","ratio_real",1.6450669937244,"Observed"
"bbs_rtrg_6_68","ratio_sim",0.826499045341164,"Abundance driven"
"bbs_rtrg_6_68","ratio_real",0.826499045341164,"Observed"
"bbs_rtrg_6_72","ratio_sim",0.776851280754471,"Abundance driven"
"bbs_rtrg_6_72","ratio_real",1.62619533022241,"Observed"
"bbs_rtrg_6_82","ratio_sim",1.23489669169888,"Abundance driven"
"bbs_rtrg_6_82","ratio_real",2.40018783283167,"Observed"
"bbs_rtrg_6_87","ratio_sim",0.453149365322197,"Abundance driven"
"bbs_rtrg_6_87","ratio_real",0.907083008392592,"Observed"
"bbs_rtrg_60_72","ratio_sim",0.640697276505617,"Abundance driven"
"bbs_rtrg_60_72","ratio_real",0.640697276505617,"Observed"
"bbs_rtrg_60_76","ratio_sim",0.673356414245242,"Abundance driven"
"bbs_rtrg_60_76","ratio_real",0.673356414245242,"Observed"
"bbs_rtrg_61_34","ratio_sim",0.622533748501189,"Abundance driven"
"bbs_rtrg_61_34","ratio_real",1.04172201370554,"Observed"
"bbs_rtrg_62_25","ratio_sim",0.650453427369549,"Abundance driven"
"bbs_rtrg_62_25","ratio_real",0.650453427369549,"Observed"
"bbs_rtrg_63_34","ratio_sim",0.678691727825937,"Abundance driven"
"bbs_rtrg_63_34","ratio_real",1.16428201919647,"Observed"
"bbs_rtrg_63_91","ratio_sim",1.25309503852154,"Abundance driven"
"bbs_rtrg_63_91","ratio_real",1.25309503852154,"Observed"
"bbs_rtrg_64_61","ratio_sim",0.594921692529674,"Abundance driven"
"bbs_rtrg_64_61","ratio_real",0.594921692529674,"Observed"
"bbs_rtrg_64_66","ratio_sim",1.01568326278407,"Abundance driven"
"bbs_rtrg_64_66","ratio_real",1.796797127098,"Observed"
"bbs_rtrg_64_83","ratio_sim",1.43537925802204,"Abundance driven"
"bbs_rtrg_64_83","ratio_real",1.43537925802204,"Observed"
"bbs_rtrg_65_91","ratio_sim",0.384789138334977,"Abundance driven"
"bbs_rtrg_65_91","ratio_real",0.384789138334977,"Observed"
"bbs_rtrg_66_25","ratio_sim",0.861237694523346,"Abundance driven"
"bbs_rtrg_66_25","ratio_real",2.4708888074749,"Observed"
"bbs_rtrg_66_68","ratio_sim",0.520599291637396,"Abundance driven"
"bbs_rtrg_66_68","ratio_real",0.839229961541405,"Observed"
"bbs_rtrg_66_91","ratio_sim",0.40012343642035,"Abundance driven"
"bbs_rtrg_66_91","ratio_real",0.40012343642035,"Observed"
"bbs_rtrg_67_66","ratio_sim",0.725326256003387,"Abundance driven"
"bbs_rtrg_67_66","ratio_real",0.725326256003387,"Observed"
"bbs_rtrg_68_72","ratio_sim",0.534715854772104,"Abundance driven"
"bbs_rtrg_68_72","ratio_real",0.534715854772104,"Observed"
"bbs_rtrg_68_91","ratio_sim",0.784884263654122,"Abundance driven"
"bbs_rtrg_68_91","ratio_real",0.784884263654122,"Observed"
"bbs_rtrg_7_38","ratio_sim",1.87789074551552,"Abundance driven"
"bbs_rtrg_7_38","ratio_real",1.87789074551552,"Observed"
"bbs_rtrg_7_44","ratio_sim",0.556060256617219,"Abundance driven"
"bbs_rtrg_7_44","ratio_real",0.556060256617219,"Observed"
"bbs_rtrg_7_52","ratio_sim",1.25421839901021,"Abundance driven"
"bbs_rtrg_7_52","ratio_real",1.25421839901021,"Observed"
"bbs_rtrg_7_54","ratio_sim",0.768368848642931,"Abundance driven"
"bbs_rtrg_7_54","ratio_real",1.54730008877252,"Observed"
"bbs_rtrg_7_64","ratio_sim",0.668505101361153,"Abundance driven"
"bbs_rtrg_7_64","ratio_real",0.668505101361153,"Observed"
"bbs_rtrg_7_68","ratio_sim",0.51659995720554,"Abundance driven"
"bbs_rtrg_7_68","ratio_real",0.991981198538747,"Observed"
"bbs_rtrg_7_92","ratio_sim",1.98127749864077,"Abundance driven"
"bbs_rtrg_7_92","ratio_real",1.98127749864077,"Observed"
"bbs_rtrg_70_91","ratio_sim",0.788972938143972,"Abundance driven"
"bbs_rtrg_70_91","ratio_real",0.788972938143972,"Observed"
"bbs_rtrg_705_81","ratio_sim",1.38038338380884,"Abundance driven"
"bbs_rtrg_705_81","ratio_real",1.38038338380884,"Observed"
"bbs_rtrg_71_14","ratio_sim",1.20614805149725,"Abundance driven"
"bbs_rtrg_71_14","ratio_real",1.20614805149725,"Observed"
"bbs_rtrg_72_2","ratio_sim",0.777307778943129,"Abundance driven"
"bbs_rtrg_72_2","ratio_real",0.777307778943129,"Observed"
"bbs_rtrg_72_72","ratio_sim",1.41537781264275,"Abundance driven"
"bbs_rtrg_72_72","ratio_real",1.41537781264275,"Observed"
"bbs_rtrg_73_25","ratio_sim",0.438251460999307,"Abundance driven"
"bbs_rtrg_73_25","ratio_real",1.95670444913308,"Observed"
"bbs_rtrg_73_49","ratio_sim",0.341933478973411,"Abundance driven"
"bbs_rtrg_73_49","ratio_real",0.530069726678037,"Observed"
"bbs_rtrg_73_61","ratio_sim",0.706559571689658,"Abundance driven"
"bbs_rtrg_73_61","ratio_real",0.706559571689658,"Observed"
"bbs_rtrg_73_66","ratio_sim",1.21692773026887,"Abundance driven"
"bbs_rtrg_73_66","ratio_real",1.21692773026887,"Observed"
"bbs_rtrg_75_61","ratio_sim",0.897713684232685,"Abundance driven"
"bbs_rtrg_75_61","ratio_real",2.11727325525951,"Observed"
"bbs_rtrg_75_83","ratio_sim",0.702395678093821,"Abundance driven"
"bbs_rtrg_75_83","ratio_real",0.702395678093821,"Observed"
"bbs_rtrg_76_72","ratio_sim",0.617546189987632,"Abundance driven"
"bbs_rtrg_76_72","ratio_real",0.617546189987632,"Observed"
"bbs_rtrg_77_92","ratio_sim",1.4607307070681,"Abundance driven"
"bbs_rtrg_77_92","ratio_real",1.4607307070681,"Observed"
"bbs_rtrg_8_38","ratio_sim",0.348187885810609,"Abundance driven"
"bbs_rtrg_8_38","ratio_real",0.348187885810609,"Observed"
"bbs_rtrg_8_46","ratio_sim",0.633253483678833,"Abundance driven"
"bbs_rtrg_8_46","ratio_real",0.633253483678833,"Observed"
"bbs_rtrg_8_50","ratio_sim",0.589957572816593,"Abundance driven"
"bbs_rtrg_8_50","ratio_real",0.589957572816593,"Observed"
"bbs_rtrg_8_58","ratio_sim",0.926893714734172,"Abundance driven"
"bbs_rtrg_8_58","ratio_real",1.62062531386527,"Observed"
"bbs_rtrg_8_69","ratio_sim",0.774979109919662,"Abundance driven"
"bbs_rtrg_8_69","ratio_real",2.68963852151993,"Observed"
"bbs_rtrg_8_72","ratio_sim",0.677679777230801,"Abundance driven"
"bbs_rtrg_8_72","ratio_real",1.29792661275041,"Observed"
"bbs_rtrg_8_91","ratio_sim",0.815209368720453,"Abundance driven"
"bbs_rtrg_8_91","ratio_real",0.815209368720453,"Observed"
"bbs_rtrg_80_14","ratio_sim",0.538989571802374,"Abundance driven"
"bbs_rtrg_80_14","ratio_real",0.538989571802374,"Observed"
"bbs_rtrg_81_25","ratio_sim",0.771694718932668,"Abundance driven"
"bbs_rtrg_81_25","ratio_real",0.771694718932668,"Observed"
"bbs_rtrg_81_60","ratio_sim",0.531055153947272,"Abundance driven"
"bbs_rtrg_81_60","ratio_real",0.531055153947272,"Observed"
"bbs_rtrg_82_60","ratio_sim",0.68253584843172,"Abundance driven"
"bbs_rtrg_82_60","ratio_real",0.68253584843172,"Observed"
"bbs_rtrg_82_66","ratio_sim",1.61668425388365,"Abundance driven"
"bbs_rtrg_82_66","ratio_real",1.61668425388365,"Observed"
"bbs_rtrg_82_83","ratio_sim",0.886646338200635,"Abundance driven"
"bbs_rtrg_82_83","ratio_real",0.451850153650775,"Observed"
"bbs_rtrg_83_72","ratio_sim",1.25282320223217,"Abundance driven"
"bbs_rtrg_83_72","ratio_real",1.25282320223217,"Observed"
"bbs_rtrg_84_72","ratio_sim",1.04507036679192,"Abundance driven"
"bbs_rtrg_84_72","ratio_real",0.59043002052625,"Observed"
"bbs_rtrg_86_66","ratio_sim",1.78388387144737,"Abundance driven"
"bbs_rtrg_86_66","ratio_real",1.78388387144737,"Observed"
"bbs_rtrg_86_72","ratio_sim",0.457039349177651,"Abundance driven"
"bbs_rtrg_86_72","ratio_real",0.725638045134628,"Observed"
"bbs_rtrg_88_72","ratio_sim",0.66404428069971,"Abundance driven"
"bbs_rtrg_88_72","ratio_real",1.55068130448055,"Observed"
"bbs_rtrg_9_17","ratio_sim",1.03272859957804,"Abundance driven"
"bbs_rtrg_9_17","ratio_real",1.97901635130879,"Observed"
"bbs_rtrg_9_34","ratio_sim",1.01768958851614,"Abundance driven"
"bbs_rtrg_9_34","ratio_real",0.593870708452965,"Observed"
"bbs_rtrg_9_35","ratio_sim",0.652172383861663,"Abundance driven"
"bbs_rtrg_9_35","ratio_real",0.652172383861663,"Observed"
"bbs_rtrg_9_39","ratio_sim",1.26225152272215,"Abundance driven"
"bbs_rtrg_9_39","ratio_real",1.26225152272215,"Observed"
"bbs_rtrg_9_47","ratio_sim",0.460331518339507,"Abundance driven"
"bbs_rtrg_9_47","ratio_real",0.460331518339507,"Observed"
"bbs_rtrg_9_53","ratio_sim",0.898117877716344,"Abundance driven"
"bbs_rtrg_9_53","ratio_real",1.96918093182292,"Observed"
"bbs_rtrg_9_58","ratio_sim",2.50490600360575,"Abundance driven"
"bbs_rtrg_9_58","ratio_real",2.50490600360575,"Observed"
"bbs_rtrg_9_60","ratio_sim",1.48264053008071,"Abundance driven"
"bbs_rtrg_9_60","ratio_real",1.48264053008071,"Observed"
"bbs_rtrg_9_69","ratio_sim",1.58516472504805,"Abundance driven"
"bbs_rtrg_9_69","ratio_real",2.49029440263267,"Observed"
"bbs_rtrg_9_89","ratio_sim",0.741289249796771,"Abundance driven"
"bbs_rtrg_9_89","ratio_real",0.741289249796771,"Observed"
"bbs_rtrg_90_61","ratio_sim",0.81117688565238,"Abundance driven"
"bbs_rtrg_90_61","ratio_real",0.81117688565238,"Observed"
"bbs_rtrg_90_72","ratio_sim",0.763255327553186,"Abundance driven"
"bbs_rtrg_90_72","ratio_real",0.763255327553186,"Observed"
"bbs_rtrg_90_92","ratio_sim",0.422881326677021,"Abundance driven"
"bbs_rtrg_90_92","ratio_real",0.422881326677021,"Observed"
"bbs_rtrg_91_72","ratio_sim",0.836884393502527,"Abundance driven"
"bbs_rtrg_91_72","ratio_real",0.836884393502527,"Observed"
"bbs_rtrg_92_83","ratio_sim",1.82129765421536,"Abundance driven"
"bbs_rtrg_92_83","ratio_real",1.82129765421536,"Observed"
"bbs_rtrg_98_14","ratio_sim",0.685630510238784,"Abundance driven"
"bbs_rtrg_98_14","ratio_real",1.96627475121547,"Observed"
