"matssname","source","energy_ratio","Dynamics"
"bbs_rtrg_1_2","ratio_sim",0.397191098373041,"Abundance driven"
"bbs_rtrg_1_2","ratio_real",0.397191098373041,"Observed"
"bbs_rtrg_1_21","ratio_sim",0.800990466746325,"Abundance driven"
"bbs_rtrg_1_21","ratio_real",0.800990466746325,"Observed"
"bbs_rtrg_1_36","ratio_sim",0.709962887289457,"Abundance driven"
"bbs_rtrg_1_36","ratio_real",0.709962887289457,"Observed"
"bbs_rtrg_1_46","ratio_sim",0.688621708740566,"Abundance driven"
"bbs_rtrg_1_46","ratio_real",0.688621708740566,"Observed"
"bbs_rtrg_1_47","ratio_sim",0.545049139891293,"Abundance driven"
"bbs_rtrg_1_47","ratio_real",0.545049139891293,"Observed"
"bbs_rtrg_1_52","ratio_sim",0.744651829209067,"Abundance driven"
"bbs_rtrg_1_52","ratio_real",0.744651829209067,"Observed"
"bbs_rtrg_1_58","ratio_sim",0.661249835526159,"Abundance driven"
"bbs_rtrg_1_58","ratio_real",0.661249835526159,"Observed"
"bbs_rtrg_1_64","ratio_sim",1.82585145478895,"Abundance driven"
"bbs_rtrg_1_64","ratio_real",1.82585145478895,"Observed"
"bbs_rtrg_1_81","ratio_sim",0.512215694792541,"Abundance driven"
"bbs_rtrg_1_81","ratio_real",0.512215694792541,"Observed"
"bbs_rtrg_1_82","ratio_sim",1.84581198382967,"Abundance driven"
"bbs_rtrg_1_82","ratio_real",1.84581198382967,"Observed"
"bbs_rtrg_1_83","ratio_sim",0.652376780002302,"Abundance driven"
"bbs_rtrg_1_83","ratio_real",0.652376780002302,"Observed"
"bbs_rtrg_1_89","ratio_sim",1.80675989554548,"Abundance driven"
"bbs_rtrg_1_89","ratio_real",1.80675989554548,"Observed"
"bbs_rtrg_10_25","ratio_sim",0.379445797341772,"Abundance driven"
"bbs_rtrg_10_25","ratio_real",0.379445797341772,"Observed"
"bbs_rtrg_10_27","ratio_sim",1.28306223418612,"Abundance driven"
"bbs_rtrg_10_27","ratio_real",1.28306223418612,"Observed"
"bbs_rtrg_10_33","ratio_sim",3.59907238681441,"Abundance driven"
"bbs_rtrg_10_33","ratio_real",3.59907238681441,"Observed"
"bbs_rtrg_10_34","ratio_sim",0.762899972997089,"Abundance driven"
"bbs_rtrg_10_34","ratio_real",0.762899972997089,"Observed"
"bbs_rtrg_10_35","ratio_sim",0.696748142119327,"Abundance driven"
"bbs_rtrg_10_35","ratio_real",0.696748142119327,"Observed"
"bbs_rtrg_10_4","ratio_sim",1.91049037583194,"Abundance driven"
"bbs_rtrg_10_4","ratio_real",1.91049037583194,"Observed"
"bbs_rtrg_10_52","ratio_sim",0.772189061426946,"Abundance driven"
"bbs_rtrg_10_52","ratio_real",0.772189061426946,"Observed"
"bbs_rtrg_10_59","ratio_sim",0.510255433097772,"Abundance driven"
"bbs_rtrg_10_59","ratio_real",0.510255433097772,"Observed"
"bbs_rtrg_10_64","ratio_sim",2.14183310668165,"Abundance driven"
"bbs_rtrg_10_64","ratio_real",2.14183310668165,"Observed"
"bbs_rtrg_10_7","ratio_sim",0.606490131213639,"Abundance driven"
"bbs_rtrg_10_7","ratio_real",0.606490131213639,"Observed"
"bbs_rtrg_10_82","ratio_sim",0.582914505103619,"Abundance driven"
"bbs_rtrg_10_82","ratio_real",0.582914505103619,"Observed"
"bbs_rtrg_10_87","ratio_sim",0.505519704271035,"Abundance driven"
"bbs_rtrg_10_87","ratio_real",0.505519704271035,"Observed"
"bbs_rtrg_10_91","ratio_sim",0.698338468405074,"Abundance driven"
"bbs_rtrg_10_91","ratio_real",0.698338468405074,"Observed"
"bbs_rtrg_100_61","ratio_sim",0.430892256985791,"Abundance driven"
"bbs_rtrg_100_61","ratio_real",0.430892256985791,"Observed"
"bbs_rtrg_101_42","ratio_sim",0.635314270140033,"Abundance driven"
"bbs_rtrg_101_42","ratio_real",1.20896227789776,"Observed"
"bbs_rtrg_102_45","ratio_sim",0.860123475958993,"Abundance driven"
"bbs_rtrg_102_45","ratio_real",0.860123475958993,"Observed"
"bbs_rtrg_103_45","ratio_sim",0.679965998493328,"Abundance driven"
"bbs_rtrg_103_45","ratio_real",0.679965998493328,"Observed"
"bbs_rtrg_103_64","ratio_sim",1.22977007927853,"Abundance driven"
"bbs_rtrg_103_64","ratio_real",1.22977007927853,"Observed"
"bbs_rtrg_104_92","ratio_sim",0.740440387382166,"Abundance driven"
"bbs_rtrg_104_92","ratio_real",0.740440387382166,"Observed"
"bbs_rtrg_105_2","ratio_sim",1.59677523904224,"Abundance driven"
"bbs_rtrg_105_2","ratio_real",1.59677523904224,"Observed"
"bbs_rtrg_105_4","ratio_sim",0.81862455363652,"Abundance driven"
"bbs_rtrg_105_4","ratio_real",0.81862455363652,"Observed"
"bbs_rtrg_105_45","ratio_sim",0.5652245107227,"Abundance driven"
"bbs_rtrg_105_45","ratio_real",0.5652245107227,"Observed"
"bbs_rtrg_107_45","ratio_sim",1.24446075172242,"Abundance driven"
"bbs_rtrg_107_45","ratio_real",1.24446075172242,"Observed"
"bbs_rtrg_107_66","ratio_sim",1.34637796977243,"Abundance driven"
"bbs_rtrg_107_66","ratio_real",1.34637796977243,"Observed"
"bbs_rtrg_108_14","ratio_sim",1.46302115972818,"Abundance driven"
"bbs_rtrg_108_14","ratio_real",1.46302115972818,"Observed"
"bbs_rtrg_108_85","ratio_sim",0.74901950745282,"Abundance driven"
"bbs_rtrg_108_85","ratio_real",0.74901950745282,"Observed"
"bbs_rtrg_109_21","ratio_sim",0.577195730206197,"Abundance driven"
"bbs_rtrg_109_21","ratio_real",0.577195730206197,"Observed"
"bbs_rtrg_109_52","ratio_sim",0.654262157480287,"Abundance driven"
"bbs_rtrg_109_52","ratio_real",0.654262157480287,"Observed"
"bbs_rtrg_109_85","ratio_sim",0.650568300229209,"Abundance driven"
"bbs_rtrg_109_85","ratio_real",0.650568300229209,"Observed"
"bbs_rtrg_11_17","ratio_sim",0.735508707096185,"Abundance driven"
"bbs_rtrg_11_17","ratio_real",0.735508707096185,"Observed"
"bbs_rtrg_11_35","ratio_sim",0.624929135497776,"Abundance driven"
"bbs_rtrg_11_35","ratio_real",0.624929135497776,"Observed"
"bbs_rtrg_11_46","ratio_sim",1.04774007655179,"Abundance driven"
"bbs_rtrg_11_46","ratio_real",0.649907290858023,"Observed"
"bbs_rtrg_11_52","ratio_sim",0.732312742838806,"Abundance driven"
"bbs_rtrg_11_52","ratio_real",0.732312742838806,"Observed"
"bbs_rtrg_11_63","ratio_sim",0.742473768453293,"Abundance driven"
"bbs_rtrg_11_63","ratio_real",0.742473768453293,"Observed"
"bbs_rtrg_11_64","ratio_sim",1.26811372429599,"Abundance driven"
"bbs_rtrg_11_64","ratio_real",1.26811372429599,"Observed"
"bbs_rtrg_11_67","ratio_sim",0.455416410786988,"Abundance driven"
"bbs_rtrg_11_67","ratio_real",0.709594692819593,"Observed"
"bbs_rtrg_11_68","ratio_sim",0.802430567192852,"Abundance driven"
"bbs_rtrg_11_68","ratio_real",0.802430567192852,"Observed"
"bbs_rtrg_11_91","ratio_sim",1.44346710439101,"Abundance driven"
"bbs_rtrg_11_91","ratio_real",1.44346710439101,"Observed"
"bbs_rtrg_111_60","ratio_sim",1.2659830494897,"Abundance driven"
"bbs_rtrg_111_60","ratio_real",1.2659830494897,"Observed"
"bbs_rtrg_111_61","ratio_sim",0.561434149336113,"Abundance driven"
"bbs_rtrg_111_61","ratio_real",0.561434149336113,"Observed"
"bbs_rtrg_111_89","ratio_sim",1.41453292662043,"Abundance driven"
"bbs_rtrg_111_89","ratio_real",1.41453292662043,"Observed"
"bbs_rtrg_112_47","ratio_sim",0.774316991521617,"Abundance driven"
"bbs_rtrg_112_47","ratio_real",0.774316991521617,"Observed"
"bbs_rtrg_113_25","ratio_sim",0.543815252046377,"Abundance driven"
"bbs_rtrg_113_25","ratio_real",0.543815252046377,"Observed"
"bbs_rtrg_113_51","ratio_sim",0.8284824117945,"Abundance driven"
"bbs_rtrg_113_51","ratio_real",0.8284824117945,"Observed"
"bbs_rtrg_113_68","ratio_sim",0.853583340524983,"Abundance driven"
"bbs_rtrg_113_68","ratio_real",1.51441384318109,"Observed"
"bbs_rtrg_114_60","ratio_sim",0.486533721176856,"Abundance driven"
"bbs_rtrg_114_60","ratio_real",0.486533721176856,"Observed"
"bbs_rtrg_115_4","ratio_sim",1.60375478199568,"Abundance driven"
"bbs_rtrg_115_4","ratio_real",1.60375478199568,"Observed"
"bbs_rtrg_117_68","ratio_sim",1.21613754084141,"Abundance driven"
"bbs_rtrg_117_68","ratio_real",1.21613754084141,"Observed"
"bbs_rtrg_118_3","ratio_sim",1.45068040150395,"Abundance driven"
"bbs_rtrg_118_3","ratio_real",1.45068040150395,"Observed"
"bbs_rtrg_118_91","ratio_sim",0.756904665735944,"Abundance driven"
"bbs_rtrg_118_91","ratio_real",0.756904665735944,"Observed"
"bbs_rtrg_119_42","ratio_sim",0.507738119959573,"Abundance driven"
"bbs_rtrg_119_42","ratio_real",0.507738119959573,"Observed"
"bbs_rtrg_119_63","ratio_sim",0.777756164378977,"Abundance driven"
"bbs_rtrg_119_63","ratio_real",0.777756164378977,"Observed"
"bbs_rtrg_119_68","ratio_sim",0.884743084688022,"Abundance driven"
"bbs_rtrg_119_68","ratio_real",0.884743084688022,"Observed"
"bbs_rtrg_119_85","ratio_sim",0.768264644083841,"Abundance driven"
"bbs_rtrg_119_85","ratio_real",0.768264644083841,"Observed"
"bbs_rtrg_12_34","ratio_sim",0.594250720524624,"Abundance driven"
"bbs_rtrg_12_34","ratio_real",0.594250720524624,"Observed"
"bbs_rtrg_12_44","ratio_sim",0.667396146213887,"Abundance driven"
"bbs_rtrg_12_44","ratio_real",0.667396146213887,"Observed"
"bbs_rtrg_12_6","ratio_sim",0.591508200039099,"Abundance driven"
"bbs_rtrg_12_6","ratio_real",0.591508200039099,"Observed"
"bbs_rtrg_12_68","ratio_sim",0.382041155471803,"Abundance driven"
"bbs_rtrg_12_68","ratio_real",0.702967197363948,"Observed"
"bbs_rtrg_12_85","ratio_sim",0.503638722061757,"Abundance driven"
"bbs_rtrg_12_85","ratio_real",0.503638722061757,"Observed"
"bbs_rtrg_12_91","ratio_sim",0.715666215821666,"Abundance driven"
"bbs_rtrg_12_91","ratio_real",0.715666215821666,"Observed"
"bbs_rtrg_120_44","ratio_sim",0.490825741529808,"Abundance driven"
"bbs_rtrg_120_44","ratio_real",0.700861270783561,"Observed"
"bbs_rtrg_120_92","ratio_sim",0.84418750716723,"Abundance driven"
"bbs_rtrg_120_92","ratio_real",0.84418750716723,"Observed"
"bbs_rtrg_121_61","ratio_sim",0.680230792758453,"Abundance driven"
"bbs_rtrg_121_61","ratio_real",0.680230792758453,"Observed"
"bbs_rtrg_121_85","ratio_sim",0.703465849909904,"Abundance driven"
"bbs_rtrg_121_85","ratio_real",0.703465849909904,"Observed"
"bbs_rtrg_123_46","ratio_sim",0.863407628830424,"Abundance driven"
"bbs_rtrg_123_46","ratio_real",0.863407628830424,"Observed"
"bbs_rtrg_126_60","ratio_sim",0.464104278351177,"Abundance driven"
"bbs_rtrg_126_60","ratio_real",0.464104278351177,"Observed"
"bbs_rtrg_128_33","ratio_sim",0.486518589140693,"Abundance driven"
"bbs_rtrg_128_33","ratio_real",0.486518589140693,"Observed"
"bbs_rtrg_129_25","ratio_sim",0.522355239309615,"Abundance driven"
"bbs_rtrg_129_25","ratio_real",0.820646483014435,"Observed"
"bbs_rtrg_13_35","ratio_sim",0.766492052903157,"Abundance driven"
"bbs_rtrg_13_35","ratio_real",0.766492052903157,"Observed"
"bbs_rtrg_13_38","ratio_sim",0.507805957182957,"Abundance driven"
"bbs_rtrg_13_38","ratio_real",0.507805957182957,"Observed"
"bbs_rtrg_13_45","ratio_sim",0.63989435045941,"Abundance driven"
"bbs_rtrg_13_45","ratio_real",0.63989435045941,"Observed"
"bbs_rtrg_13_46","ratio_sim",0.610411184424438,"Abundance driven"
"bbs_rtrg_13_46","ratio_real",0.610411184424438,"Observed"
"bbs_rtrg_13_58","ratio_sim",1.19186833055405,"Abundance driven"
"bbs_rtrg_13_58","ratio_real",1.19186833055405,"Observed"
"bbs_rtrg_13_60","ratio_sim",1.89412212558478,"Abundance driven"
"bbs_rtrg_13_60","ratio_real",1.89412212558478,"Observed"
"bbs_rtrg_13_7","ratio_sim",0.679402915982825,"Abundance driven"
"bbs_rtrg_13_7","ratio_real",0.679402915982825,"Observed"
"bbs_rtrg_13_82","ratio_sim",0.766762026947191,"Abundance driven"
"bbs_rtrg_13_82","ratio_real",1.16950771991195,"Observed"
"bbs_rtrg_130_60","ratio_sim",0.587387468923291,"Abundance driven"
"bbs_rtrg_130_60","ratio_real",0.587387468923291,"Observed"
"bbs_rtrg_130_82","ratio_sim",2.78414051095654,"Abundance driven"
"bbs_rtrg_130_82","ratio_real",2.78414051095654,"Observed"
"bbs_rtrg_131_49","ratio_sim",0.668408148339324,"Abundance driven"
"bbs_rtrg_131_49","ratio_real",0.668408148339324,"Observed"
"bbs_rtrg_131_52","ratio_sim",0.641002168493509,"Abundance driven"
"bbs_rtrg_131_52","ratio_real",0.641002168493509,"Observed"
"bbs_rtrg_136_69","ratio_sim",0.6643489608807,"Abundance driven"
"bbs_rtrg_136_69","ratio_real",0.6643489608807,"Observed"
"bbs_rtrg_137_14","ratio_sim",0.689633954865302,"Abundance driven"
"bbs_rtrg_137_14","ratio_real",0.689633954865302,"Observed"
"bbs_rtrg_139_82","ratio_sim",0.450904906638947,"Abundance driven"
"bbs_rtrg_139_82","ratio_real",0.450904906638947,"Observed"
"bbs_rtrg_14_2","ratio_sim",1.44792175688147,"Abundance driven"
"bbs_rtrg_14_2","ratio_real",1.44792175688147,"Observed"
"bbs_rtrg_14_33","ratio_sim",3.86101422481284,"Abundance driven"
"bbs_rtrg_14_33","ratio_real",3.86101422481284,"Observed"
"bbs_rtrg_14_34","ratio_sim",0.650343818819975,"Abundance driven"
"bbs_rtrg_14_34","ratio_real",0.650343818819975,"Observed"
"bbs_rtrg_14_36","ratio_sim",0.326698118466156,"Abundance driven"
"bbs_rtrg_14_36","ratio_real",0.326698118466156,"Observed"
"bbs_rtrg_14_38","ratio_sim",0.695136319244419,"Abundance driven"
"bbs_rtrg_14_38","ratio_real",0.695136319244419,"Observed"
"bbs_rtrg_14_46","ratio_sim",0.513211739128458,"Abundance driven"
"bbs_rtrg_14_46","ratio_real",0.513211739128458,"Observed"
"bbs_rtrg_14_47","ratio_sim",1.53304002417341,"Abundance driven"
"bbs_rtrg_14_47","ratio_real",1.53304002417341,"Observed"
"bbs_rtrg_14_52","ratio_sim",1.44321809050554,"Abundance driven"
"bbs_rtrg_14_52","ratio_real",1.44321809050554,"Observed"
"bbs_rtrg_14_54","ratio_sim",3.0251578170087,"Abundance driven"
"bbs_rtrg_14_54","ratio_real",1.28802671568397,"Observed"
"bbs_rtrg_14_58","ratio_sim",1.41006947315266,"Abundance driven"
"bbs_rtrg_14_58","ratio_real",1.41006947315266,"Observed"
"bbs_rtrg_14_68","ratio_sim",0.575034354774657,"Abundance driven"
"bbs_rtrg_14_68","ratio_real",0.575034354774657,"Observed"
"bbs_rtrg_14_88","ratio_sim",0.847085879732426,"Abundance driven"
"bbs_rtrg_14_88","ratio_real",0.847085879732426,"Observed"
"bbs_rtrg_140_83","ratio_sim",1.35349967522419,"Abundance driven"
"bbs_rtrg_140_83","ratio_real",1.35349967522419,"Observed"
"bbs_rtrg_15_25","ratio_sim",0.492737369346415,"Abundance driven"
"bbs_rtrg_15_25","ratio_real",0.492737369346415,"Observed"
"bbs_rtrg_15_38","ratio_sim",0.565887879382948,"Abundance driven"
"bbs_rtrg_15_38","ratio_real",0.884652063043753,"Observed"
"bbs_rtrg_15_46","ratio_sim",0.563924071588623,"Abundance driven"
"bbs_rtrg_15_46","ratio_real",0.563924071588623,"Observed"
"bbs_rtrg_15_50","ratio_sim",0.825680211866456,"Abundance driven"
"bbs_rtrg_15_50","ratio_real",0.825680211866456,"Observed"
"bbs_rtrg_15_58","ratio_sim",0.863521860761564,"Abundance driven"
"bbs_rtrg_15_58","ratio_real",0.863521860761564,"Observed"
"bbs_rtrg_15_68","ratio_sim",0.572691866506168,"Abundance driven"
"bbs_rtrg_15_68","ratio_real",1.09918771675472,"Observed"
"bbs_rtrg_15_7","ratio_sim",1.26821248593902,"Abundance driven"
"bbs_rtrg_15_7","ratio_real",1.26821248593902,"Observed"
"bbs_rtrg_15_85","ratio_sim",0.745199203185986,"Abundance driven"
"bbs_rtrg_15_85","ratio_real",0.745199203185986,"Observed"
"bbs_rtrg_15_87","ratio_sim",0.845989751156506,"Abundance driven"
"bbs_rtrg_15_87","ratio_real",0.845989751156506,"Observed"
"bbs_rtrg_153_14","ratio_sim",0.575607394671866,"Abundance driven"
"bbs_rtrg_153_14","ratio_real",1.06400729339929,"Observed"
"bbs_rtrg_155_14","ratio_sim",0.827943298086405,"Abundance driven"
"bbs_rtrg_155_14","ratio_real",0.827943298086405,"Observed"
"bbs_rtrg_155_72","ratio_sim",0.798305496563078,"Abundance driven"
"bbs_rtrg_155_72","ratio_real",0.798305496563078,"Observed"
"bbs_rtrg_16_38","ratio_sim",1.48452683344845,"Abundance driven"
"bbs_rtrg_16_38","ratio_real",1.48452683344845,"Observed"
"bbs_rtrg_16_46","ratio_sim",0.515707947257869,"Abundance driven"
"bbs_rtrg_16_46","ratio_real",0.515707947257869,"Observed"
"bbs_rtrg_16_52","ratio_sim",0.632106435249286,"Abundance driven"
"bbs_rtrg_16_52","ratio_real",0.632106435249286,"Observed"
"bbs_rtrg_16_72","ratio_sim",1.22176605766824,"Abundance driven"
"bbs_rtrg_16_72","ratio_real",1.22176605766824,"Observed"
"bbs_rtrg_16_82","ratio_sim",1.44894336177561,"Abundance driven"
"bbs_rtrg_16_82","ratio_real",2.02915410774674,"Observed"
"bbs_rtrg_16_90","ratio_sim",0.752101792826136,"Abundance driven"
"bbs_rtrg_16_90","ratio_real",1.38245825672248,"Observed"
"bbs_rtrg_165_72","ratio_sim",1.12870143005309,"Abundance driven"
"bbs_rtrg_165_72","ratio_real",1.12870143005309,"Observed"
"bbs_rtrg_166_14","ratio_sim",1.92720263463051,"Abundance driven"
"bbs_rtrg_166_14","ratio_real",1.92720263463051,"Observed"
"bbs_rtrg_168_66","ratio_sim",0.850919039005229,"Abundance driven"
"bbs_rtrg_168_66","ratio_real",0.850919039005229,"Observed"
"bbs_rtrg_17_36","ratio_sim",0.663594801192174,"Abundance driven"
"bbs_rtrg_17_36","ratio_real",0.663594801192174,"Observed"
"bbs_rtrg_17_47","ratio_sim",0.826323403092011,"Abundance driven"
"bbs_rtrg_17_47","ratio_real",0.826323403092011,"Observed"
"bbs_rtrg_17_49","ratio_sim",0.805035378069025,"Abundance driven"
"bbs_rtrg_17_49","ratio_real",0.805035378069025,"Observed"
"bbs_rtrg_17_50","ratio_sim",0.543285475462616,"Abundance driven"
"bbs_rtrg_17_50","ratio_real",0.543285475462616,"Observed"
"bbs_rtrg_17_53","ratio_sim",0.57335480135057,"Abundance driven"
"bbs_rtrg_17_53","ratio_real",0.57335480135057,"Observed"
"bbs_rtrg_17_54","ratio_sim",0.725962401505037,"Abundance driven"
"bbs_rtrg_17_54","ratio_real",0.725962401505037,"Observed"
"bbs_rtrg_17_58","ratio_sim",0.805502740343206,"Abundance driven"
"bbs_rtrg_17_58","ratio_real",0.805502740343206,"Observed"
"bbs_rtrg_17_60","ratio_sim",1.30393020972084,"Abundance driven"
"bbs_rtrg_17_60","ratio_real",2.07869215116061,"Observed"
"bbs_rtrg_18_25","ratio_sim",0.409337863452657,"Abundance driven"
"bbs_rtrg_18_25","ratio_real",0.409337863452657,"Observed"
"bbs_rtrg_18_42","ratio_sim",0.843481115983956,"Abundance driven"
"bbs_rtrg_18_42","ratio_real",0.843481115983956,"Observed"
"bbs_rtrg_18_49","ratio_sim",0.71282163083627,"Abundance driven"
"bbs_rtrg_18_49","ratio_real",0.71282163083627,"Observed"
"bbs_rtrg_18_53","ratio_sim",1.16492666302434,"Abundance driven"
"bbs_rtrg_18_53","ratio_real",1.16492666302434,"Observed"
"bbs_rtrg_18_58","ratio_sim",0.405918429258519,"Abundance driven"
"bbs_rtrg_18_58","ratio_real",0.405918429258519,"Observed"
"bbs_rtrg_18_60","ratio_sim",1.6171233840807,"Abundance driven"
"bbs_rtrg_18_60","ratio_real",1.6171233840807,"Observed"
"bbs_rtrg_18_68","ratio_sim",0.826042759041632,"Abundance driven"
"bbs_rtrg_18_68","ratio_real",0.826042759041632,"Observed"
"bbs_rtrg_182_72","ratio_sim",0.402392419509304,"Abundance driven"
"bbs_rtrg_182_72","ratio_real",0.402392419509304,"Observed"
"bbs_rtrg_186_14","ratio_sim",0.517504164155164,"Abundance driven"
"bbs_rtrg_186_14","ratio_real",0.517504164155164,"Observed"
"bbs_rtrg_188_14","ratio_sim",0.722980455980003,"Abundance driven"
"bbs_rtrg_188_14","ratio_real",0.722980455980003,"Observed"
"bbs_rtrg_19_44","ratio_sim",0.624586916980228,"Abundance driven"
"bbs_rtrg_19_44","ratio_real",0.624586916980228,"Observed"
"bbs_rtrg_19_47","ratio_sim",2.43142076602285,"Abundance driven"
"bbs_rtrg_19_47","ratio_real",2.43142076602285,"Observed"
"bbs_rtrg_19_53","ratio_sim",0.647200366274309,"Abundance driven"
"bbs_rtrg_19_53","ratio_real",0.647200366274309,"Observed"
"bbs_rtrg_19_58","ratio_sim",0.518373195189511,"Abundance driven"
"bbs_rtrg_19_58","ratio_real",0.518373195189511,"Observed"
"bbs_rtrg_19_60","ratio_sim",1.4612793953767,"Abundance driven"
"bbs_rtrg_19_60","ratio_real",1.4612793953767,"Observed"
"bbs_rtrg_19_7","ratio_sim",1.27985232109495,"Abundance driven"
"bbs_rtrg_19_7","ratio_real",1.27985232109495,"Observed"
"bbs_rtrg_19_85","ratio_sim",0.727011441900793,"Abundance driven"
"bbs_rtrg_19_85","ratio_real",0.727011441900793,"Observed"
"bbs_rtrg_19_90","ratio_sim",0.820996718569413,"Abundance driven"
"bbs_rtrg_19_90","ratio_real",0.820996718569413,"Observed"
"bbs_rtrg_19_91","ratio_sim",0.416353089321638,"Abundance driven"
"bbs_rtrg_19_91","ratio_real",0.416353089321638,"Observed"
"bbs_rtrg_19_92","ratio_sim",0.705905713755857,"Abundance driven"
"bbs_rtrg_19_92","ratio_real",0.705905713755857,"Observed"
"bbs_rtrg_193_72","ratio_sim",1.34900557935935,"Abundance driven"
"bbs_rtrg_193_72","ratio_real",1.34900557935935,"Observed"
"bbs_rtrg_194_72","ratio_sim",0.652760723137168,"Abundance driven"
"bbs_rtrg_194_72","ratio_real",0.652760723137168,"Observed"
"bbs_rtrg_195_72","ratio_sim",0.552464793407736,"Abundance driven"
"bbs_rtrg_195_72","ratio_real",0.552464793407736,"Observed"
"bbs_rtrg_199_14","ratio_sim",1.24039118960077,"Abundance driven"
"bbs_rtrg_199_14","ratio_real",1.24039118960077,"Observed"
"bbs_rtrg_2_33","ratio_sim",2.35668196043387,"Abundance driven"
"bbs_rtrg_2_33","ratio_real",2.35668196043387,"Observed"
"bbs_rtrg_2_34","ratio_sim",0.554994709058958,"Abundance driven"
"bbs_rtrg_2_34","ratio_real",0.554994709058958,"Observed"
"bbs_rtrg_2_36","ratio_sim",1.84579091407003,"Abundance driven"
"bbs_rtrg_2_36","ratio_real",1.84579091407003,"Observed"
"bbs_rtrg_2_45","ratio_sim",0.640619998463207,"Abundance driven"
"bbs_rtrg_2_45","ratio_real",0.640619998463207,"Observed"
"bbs_rtrg_2_53","ratio_sim",1.21189697191075,"Abundance driven"
"bbs_rtrg_2_53","ratio_real",1.21189697191075,"Observed"
"bbs_rtrg_2_59","ratio_sim",0.51430036748201,"Abundance driven"
"bbs_rtrg_2_59","ratio_real",0.51430036748201,"Observed"
"bbs_rtrg_2_63","ratio_sim",1.1965643032215,"Abundance driven"
"bbs_rtrg_2_63","ratio_real",1.1965643032215,"Observed"
"bbs_rtrg_2_72","ratio_sim",0.825731688940454,"Abundance driven"
"bbs_rtrg_2_72","ratio_real",0.825731688940454,"Observed"
"bbs_rtrg_2_80","ratio_sim",0.300501516455403,"Abundance driven"
"bbs_rtrg_2_80","ratio_real",0.300501516455403,"Observed"
"bbs_rtrg_2_89","ratio_sim",2.38757752612844,"Abundance driven"
"bbs_rtrg_2_89","ratio_real",2.38757752612844,"Observed"
"bbs_rtrg_2_92","ratio_sim",0.62950554169629,"Abundance driven"
"bbs_rtrg_2_92","ratio_real",0.62950554169629,"Observed"
"bbs_rtrg_20_2","ratio_sim",0.513340294828265,"Abundance driven"
"bbs_rtrg_20_2","ratio_real",0.513340294828265,"Observed"
"bbs_rtrg_20_25","ratio_sim",0.512028714053108,"Abundance driven"
"bbs_rtrg_20_25","ratio_real",0.512028714053108,"Observed"
"bbs_rtrg_20_33","ratio_sim",0.501626632972035,"Abundance driven"
"bbs_rtrg_20_33","ratio_real",0.501626632972035,"Observed"
"bbs_rtrg_20_34","ratio_sim",0.508128978885401,"Abundance driven"
"bbs_rtrg_20_34","ratio_real",0.508128978885401,"Observed"
"bbs_rtrg_20_58","ratio_sim",0.61661094604865,"Abundance driven"
"bbs_rtrg_20_58","ratio_real",0.61661094604865,"Observed"
"bbs_rtrg_20_59","ratio_sim",0.408735756687192,"Abundance driven"
"bbs_rtrg_20_59","ratio_real",0.408735756687192,"Observed"
"bbs_rtrg_20_60","ratio_sim",0.774377497914643,"Abundance driven"
"bbs_rtrg_20_60","ratio_real",0.774377497914643,"Observed"
"bbs_rtrg_20_7","ratio_sim",1.4891067573289,"Abundance driven"
"bbs_rtrg_20_7","ratio_real",1.4891067573289,"Observed"
"bbs_rtrg_203_69","ratio_sim",1.37167429430513,"Abundance driven"
"bbs_rtrg_203_69","ratio_real",1.37167429430513,"Observed"
"bbs_rtrg_207_17","ratio_sim",0.870961365013263,"Abundance driven"
"bbs_rtrg_207_17","ratio_real",0.870961365013263,"Observed"
"bbs_rtrg_208_11","ratio_sim",0.685016195735149,"Abundance driven"
"bbs_rtrg_208_11","ratio_real",0.685016195735149,"Observed"
"bbs_rtrg_208_33","ratio_sim",0.483446723662603,"Abundance driven"
"bbs_rtrg_208_33","ratio_real",0.483446723662603,"Observed"
"bbs_rtrg_21_14","ratio_sim",0.728971731100018,"Abundance driven"
"bbs_rtrg_21_14","ratio_real",0.728971731100018,"Observed"
"bbs_rtrg_21_25","ratio_sim",1.28774195879015,"Abundance driven"
"bbs_rtrg_21_25","ratio_real",1.28774195879015,"Observed"
"bbs_rtrg_21_3","ratio_sim",1.23298402541353,"Abundance driven"
"bbs_rtrg_21_3","ratio_real",1.23298402541353,"Observed"
"bbs_rtrg_21_33","ratio_sim",0.373010129134297,"Abundance driven"
"bbs_rtrg_21_33","ratio_real",0.373010129134297,"Observed"
"bbs_rtrg_21_35","ratio_sim",0.599231675147553,"Abundance driven"
"bbs_rtrg_21_35","ratio_real",0.599231675147553,"Observed"
"bbs_rtrg_21_38","ratio_sim",4.16445679548943,"Abundance driven"
"bbs_rtrg_21_38","ratio_real",4.16445679548943,"Observed"
"bbs_rtrg_21_39","ratio_sim",2.28351067112016,"Abundance driven"
"bbs_rtrg_21_39","ratio_real",2.28351067112016,"Observed"
"bbs_rtrg_21_52","ratio_sim",0.403391873202056,"Abundance driven"
"bbs_rtrg_21_52","ratio_real",0.403391873202056,"Observed"
"bbs_rtrg_21_66","ratio_sim",0.849459666972679,"Abundance driven"
"bbs_rtrg_21_66","ratio_real",0.849459666972679,"Observed"
"bbs_rtrg_21_76","ratio_sim",0.422548634481322,"Abundance driven"
"bbs_rtrg_21_76","ratio_real",0.422548634481322,"Observed"
"bbs_rtrg_21_88","ratio_sim",0.724440073915621,"Abundance driven"
"bbs_rtrg_21_88","ratio_real",0.724440073915621,"Observed"
"bbs_rtrg_212_33","ratio_sim",0.737144269214652,"Abundance driven"
"bbs_rtrg_212_33","ratio_real",0.737144269214652,"Observed"
"bbs_rtrg_22_2","ratio_sim",0.271367881122249,"Abundance driven"
"bbs_rtrg_22_2","ratio_real",0.271367881122249,"Observed"
"bbs_rtrg_22_25","ratio_sim",0.452986159568044,"Abundance driven"
"bbs_rtrg_22_25","ratio_real",0.452986159568044,"Observed"
"bbs_rtrg_22_35","ratio_sim",1.43316930632036,"Abundance driven"
"bbs_rtrg_22_35","ratio_real",1.43316930632036,"Observed"
"bbs_rtrg_22_4","ratio_sim",2.21515148397689,"Abundance driven"
"bbs_rtrg_22_4","ratio_real",2.21515148397689,"Observed"
"bbs_rtrg_22_58","ratio_sim",0.730616942778534,"Abundance driven"
"bbs_rtrg_22_58","ratio_real",0.730616942778534,"Observed"
"bbs_rtrg_22_66","ratio_sim",0.729693813904793,"Abundance driven"
"bbs_rtrg_22_66","ratio_real",0.729693813904793,"Observed"
"bbs_rtrg_22_69","ratio_sim",0.799823907623189,"Abundance driven"
"bbs_rtrg_22_69","ratio_real",0.799823907623189,"Observed"
"bbs_rtrg_22_72","ratio_sim",3.97063208805707,"Abundance driven"
"bbs_rtrg_22_72","ratio_real",2.555748451999,"Observed"
"bbs_rtrg_22_76","ratio_sim",0.771538641503825,"Abundance driven"
"bbs_rtrg_22_76","ratio_real",0.771538641503825,"Observed"
"bbs_rtrg_22_91","ratio_sim",0.809447363805379,"Abundance driven"
"bbs_rtrg_22_91","ratio_real",0.809447363805379,"Observed"
"bbs_rtrg_220_33","ratio_sim",0.439433186107406,"Abundance driven"
"bbs_rtrg_220_33","ratio_real",0.439433186107406,"Observed"
"bbs_rtrg_221_17","ratio_sim",0.610241535220269,"Abundance driven"
"bbs_rtrg_221_17","ratio_real",0.610241535220269,"Observed"
"bbs_rtrg_224_3","ratio_sim",1.51839599331116,"Abundance driven"
"bbs_rtrg_224_3","ratio_real",1.51839599331116,"Observed"
"bbs_rtrg_224_63","ratio_sim",0.682020329054791,"Abundance driven"
"bbs_rtrg_224_63","ratio_real",1.09835582495496,"Observed"
"bbs_rtrg_225_63","ratio_sim",0.511476343456238,"Abundance driven"
"bbs_rtrg_225_63","ratio_real",0.511476343456238,"Observed"
"bbs_rtrg_227_33","ratio_sim",0.420865776286846,"Abundance driven"
"bbs_rtrg_227_33","ratio_real",0.420865776286846,"Observed"
"bbs_rtrg_23_34","ratio_sim",0.552565707601463,"Abundance driven"
"bbs_rtrg_23_34","ratio_real",0.552565707601463,"Observed"
"bbs_rtrg_23_51","ratio_sim",0.853298120886293,"Abundance driven"
"bbs_rtrg_23_51","ratio_real",0.853298120886293,"Observed"
"bbs_rtrg_23_82","ratio_sim",0.799130577529324,"Abundance driven"
"bbs_rtrg_23_82","ratio_real",0.799130577529324,"Observed"
"bbs_rtrg_23_88","ratio_sim",0.668864086022336,"Abundance driven"
"bbs_rtrg_23_88","ratio_real",0.668864086022336,"Observed"
"bbs_rtrg_24_25","ratio_sim",0.40886810169125,"Abundance driven"
"bbs_rtrg_24_25","ratio_real",0.40886810169125,"Observed"
"bbs_rtrg_24_34","ratio_sim",1.45031996093035,"Abundance driven"
"bbs_rtrg_24_34","ratio_real",1.45031996093035,"Observed"
"bbs_rtrg_24_60","ratio_sim",0.656576248345885,"Abundance driven"
"bbs_rtrg_24_60","ratio_real",0.656576248345885,"Observed"
"bbs_rtrg_24_91","ratio_sim",1.33817811798897,"Abundance driven"
"bbs_rtrg_24_91","ratio_real",1.33817811798897,"Observed"
"bbs_rtrg_25_2","ratio_sim",0.834845773821549,"Abundance driven"
"bbs_rtrg_25_2","ratio_real",0.834845773821549,"Observed"
"bbs_rtrg_25_25","ratio_sim",0.248790370589299,"Abundance driven"
"bbs_rtrg_25_25","ratio_real",0.248790370589299,"Observed"
"bbs_rtrg_25_33","ratio_sim",1.47551149031294,"Abundance driven"
"bbs_rtrg_25_33","ratio_real",1.47551149031294,"Observed"
"bbs_rtrg_25_34","ratio_sim",0.762462916547285,"Abundance driven"
"bbs_rtrg_25_34","ratio_real",0.762462916547285,"Observed"
"bbs_rtrg_25_39","ratio_sim",0.789795948009709,"Abundance driven"
"bbs_rtrg_25_39","ratio_real",0.789795948009709,"Observed"
"bbs_rtrg_25_49","ratio_sim",0.502157568422209,"Abundance driven"
"bbs_rtrg_25_49","ratio_real",0.502157568422209,"Observed"
"bbs_rtrg_25_60","ratio_sim",1.29482770979767,"Abundance driven"
"bbs_rtrg_25_60","ratio_real",1.29482770979767,"Observed"
"bbs_rtrg_25_68","ratio_sim",0.774366499434872,"Abundance driven"
"bbs_rtrg_25_68","ratio_real",0.774366499434872,"Observed"
"bbs_rtrg_25_72","ratio_sim",1.74210296574944,"Abundance driven"
"bbs_rtrg_25_72","ratio_real",1.74210296574944,"Observed"
"bbs_rtrg_255_11","ratio_sim",0.592493382388205,"Abundance driven"
"bbs_rtrg_255_11","ratio_real",0.592493382388205,"Observed"
"bbs_rtrg_26_38","ratio_sim",0.699038348160048,"Abundance driven"
"bbs_rtrg_26_38","ratio_real",0.699038348160048,"Observed"
"bbs_rtrg_26_53","ratio_sim",0.687259331686795,"Abundance driven"
"bbs_rtrg_26_53","ratio_real",0.687259331686795,"Observed"
"bbs_rtrg_26_68","ratio_sim",1.35729198136689,"Abundance driven"
"bbs_rtrg_26_68","ratio_real",1.35729198136689,"Observed"
"bbs_rtrg_26_7","ratio_sim",1.1855062870609,"Abundance driven"
"bbs_rtrg_26_7","ratio_real",1.1855062870609,"Observed"
"bbs_rtrg_26_90","ratio_sim",0.859310625345223,"Abundance driven"
"bbs_rtrg_26_90","ratio_real",1.45214885027364,"Observed"
"bbs_rtrg_26_91","ratio_sim",0.610786367037891,"Abundance driven"
"bbs_rtrg_26_91","ratio_real",0.610786367037891,"Observed"
"bbs_rtrg_27_2","ratio_sim",1.88078474372716,"Abundance driven"
"bbs_rtrg_27_2","ratio_real",1.88078474372716,"Observed"
"bbs_rtrg_27_25","ratio_sim",0.544822293868556,"Abundance driven"
"bbs_rtrg_27_25","ratio_real",0.761111421074572,"Observed"
"bbs_rtrg_27_33","ratio_sim",0.424851054548124,"Abundance driven"
"bbs_rtrg_27_33","ratio_real",0.754729108355835,"Observed"
"bbs_rtrg_27_38","ratio_sim",1.43191943348728,"Abundance driven"
"bbs_rtrg_27_38","ratio_real",1.43191943348728,"Observed"
"bbs_rtrg_27_52","ratio_sim",0.402247614818541,"Abundance driven"
"bbs_rtrg_27_52","ratio_real",0.402247614818541,"Observed"
"bbs_rtrg_27_53","ratio_sim",0.656189557787807,"Abundance driven"
"bbs_rtrg_27_53","ratio_real",0.656189557787807,"Observed"
"bbs_rtrg_27_60","ratio_sim",1.26632052757327,"Abundance driven"
"bbs_rtrg_27_60","ratio_real",2.36163616413965,"Observed"
"bbs_rtrg_27_65","ratio_sim",0.588399205153941,"Abundance driven"
"bbs_rtrg_27_65","ratio_real",0.588399205153941,"Observed"
"bbs_rtrg_27_7","ratio_sim",0.293168871464006,"Abundance driven"
"bbs_rtrg_27_7","ratio_real",0.293168871464006,"Observed"
"bbs_rtrg_27_82","ratio_sim",0.81402803516984,"Abundance driven"
"bbs_rtrg_27_82","ratio_real",0.81402803516984,"Observed"
"bbs_rtrg_27_90","ratio_sim",1.9864820650729,"Abundance driven"
"bbs_rtrg_27_90","ratio_real",1.9864820650729,"Observed"
"bbs_rtrg_27_91","ratio_sim",0.705666632440861,"Abundance driven"
"bbs_rtrg_27_91","ratio_real",0.705666632440861,"Observed"
"bbs_rtrg_273_83","ratio_sim",1.99863914037236,"Abundance driven"
"bbs_rtrg_273_83","ratio_real",1.99863914037236,"Observed"
"bbs_rtrg_28_35","ratio_sim",0.716754037047604,"Abundance driven"
"bbs_rtrg_28_35","ratio_real",0.716754037047604,"Observed"
"bbs_rtrg_28_38","ratio_sim",0.667220704795427,"Abundance driven"
"bbs_rtrg_28_38","ratio_real",0.667220704795427,"Observed"
"bbs_rtrg_28_4","ratio_sim",0.506674215358898,"Abundance driven"
"bbs_rtrg_28_4","ratio_real",0.506674215358898,"Observed"
"bbs_rtrg_28_50","ratio_sim",0.978200468405962,"Abundance driven"
"bbs_rtrg_28_50","ratio_real",1.32868654897078,"Observed"
"bbs_rtrg_28_53","ratio_sim",0.787962662507092,"Abundance driven"
"bbs_rtrg_28_53","ratio_real",0.787962662507092,"Observed"
"bbs_rtrg_28_6","ratio_sim",0.600281612854216,"Abundance driven"
"bbs_rtrg_28_6","ratio_real",0.600281612854216,"Observed"
"bbs_rtrg_28_64","ratio_sim",2.09135815113625,"Abundance driven"
"bbs_rtrg_28_64","ratio_real",2.09135815113625,"Observed"
"bbs_rtrg_28_88","ratio_sim",0.540512412645027,"Abundance driven"
"bbs_rtrg_28_88","ratio_real",0.540512412645027,"Observed"
"bbs_rtrg_29_2","ratio_sim",1.23399598267153,"Abundance driven"
"bbs_rtrg_29_2","ratio_real",1.23399598267153,"Observed"
"bbs_rtrg_29_38","ratio_sim",0.78325950750936,"Abundance driven"
"bbs_rtrg_29_38","ratio_real",0.78325950750936,"Observed"
"bbs_rtrg_29_4","ratio_sim",0.725061777686372,"Abundance driven"
"bbs_rtrg_29_4","ratio_real",1.01342846326242,"Observed"
"bbs_rtrg_29_46","ratio_sim",0.728993563474856,"Abundance driven"
"bbs_rtrg_29_46","ratio_real",0.728993563474856,"Observed"
"bbs_rtrg_29_60","ratio_sim",0.347303190379817,"Abundance driven"
"bbs_rtrg_29_60","ratio_real",0.347303190379817,"Observed"
"bbs_rtrg_29_69","ratio_sim",0.711385121691527,"Abundance driven"
"bbs_rtrg_29_69","ratio_real",0.711385121691527,"Observed"
"bbs_rtrg_29_81","ratio_sim",1.75023169411502,"Abundance driven"
"bbs_rtrg_29_81","ratio_real",1.75023169411502,"Observed"
"bbs_rtrg_29_82","ratio_sim",0.838527235667877,"Abundance driven"
"bbs_rtrg_29_82","ratio_real",0.838527235667877,"Observed"
"bbs_rtrg_29_88","ratio_sim",0.603700598459704,"Abundance driven"
"bbs_rtrg_29_88","ratio_real",0.918803307501558,"Observed"
"bbs_rtrg_3_21","ratio_sim",0.849302269093821,"Abundance driven"
"bbs_rtrg_3_21","ratio_real",0.849302269093821,"Observed"
"bbs_rtrg_3_34","ratio_sim",0.380830267152966,"Abundance driven"
"bbs_rtrg_3_34","ratio_real",0.380830267152966,"Observed"
"bbs_rtrg_3_39","ratio_sim",1.76460852917272,"Abundance driven"
"bbs_rtrg_3_39","ratio_real",1.76460852917272,"Observed"
"bbs_rtrg_3_44","ratio_sim",0.35538235085837,"Abundance driven"
"bbs_rtrg_3_44","ratio_real",0.35538235085837,"Observed"
"bbs_rtrg_3_50","ratio_sim",0.608545026612309,"Abundance driven"
"bbs_rtrg_3_50","ratio_real",0.608545026612309,"Observed"
"bbs_rtrg_3_59","ratio_sim",1.02108147426701,"Abundance driven"
"bbs_rtrg_3_59","ratio_real",1.74041972011423,"Observed"
"bbs_rtrg_3_69","ratio_sim",0.551278006671482,"Abundance driven"
"bbs_rtrg_3_69","ratio_real",0.551278006671482,"Observed"
"bbs_rtrg_3_80","ratio_sim",0.716506586142162,"Abundance driven"
"bbs_rtrg_3_80","ratio_real",1.6510276317479,"Observed"
"bbs_rtrg_3_81","ratio_sim",1.20631157123614,"Abundance driven"
"bbs_rtrg_3_81","ratio_real",1.20631157123614,"Observed"
"bbs_rtrg_3_89","ratio_sim",0.396953221148028,"Abundance driven"
"bbs_rtrg_3_89","ratio_real",0.396953221148028,"Observed"
"bbs_rtrg_3_91","ratio_sim",0.575629149828401,"Abundance driven"
"bbs_rtrg_3_91","ratio_real",0.575629149828401,"Observed"
"bbs_rtrg_30_34","ratio_sim",0.688867705801198,"Abundance driven"
"bbs_rtrg_30_34","ratio_real",0.688867705801198,"Observed"
"bbs_rtrg_30_38","ratio_sim",0.66374623168419,"Abundance driven"
"bbs_rtrg_30_38","ratio_real",0.66374623168419,"Observed"
"bbs_rtrg_30_46","ratio_sim",1.37033717176182,"Abundance driven"
"bbs_rtrg_30_46","ratio_real",1.37033717176182,"Observed"
"bbs_rtrg_30_61","ratio_sim",0.625132331164933,"Abundance driven"
"bbs_rtrg_30_61","ratio_real",0.625132331164933,"Observed"
"bbs_rtrg_30_63","ratio_sim",1.40041801666109,"Abundance driven"
"bbs_rtrg_30_63","ratio_real",1.40041801666109,"Observed"
"bbs_rtrg_30_88","ratio_sim",0.58127496943994,"Abundance driven"
"bbs_rtrg_30_88","ratio_real",0.58127496943994,"Observed"
"bbs_rtrg_30_92","ratio_sim",0.402846768165136,"Abundance driven"
"bbs_rtrg_30_92","ratio_real",0.402846768165136,"Observed"
"bbs_rtrg_31_17","ratio_sim",0.826640611016729,"Abundance driven"
"bbs_rtrg_31_17","ratio_real",0.826640611016729,"Observed"
"bbs_rtrg_31_34","ratio_sim",0.497822156359046,"Abundance driven"
"bbs_rtrg_31_34","ratio_real",0.497822156359046,"Observed"
"bbs_rtrg_31_46","ratio_sim",0.71126002555346,"Abundance driven"
"bbs_rtrg_31_46","ratio_real",1.154008417182,"Observed"
"bbs_rtrg_31_54","ratio_sim",2.00317465534296,"Abundance driven"
"bbs_rtrg_31_54","ratio_real",2.00317465534296,"Observed"
"bbs_rtrg_31_82","ratio_sim",0.735522491941941,"Abundance driven"
"bbs_rtrg_31_82","ratio_real",1.06479285230016,"Observed"
"bbs_rtrg_31_91","ratio_sim",0.804480778959528,"Abundance driven"
"bbs_rtrg_31_91","ratio_real",0.804480778959528,"Observed"
"bbs_rtrg_319_3","ratio_sim",0.78809132070815,"Abundance driven"
"bbs_rtrg_319_3","ratio_real",1.56339896021466,"Observed"
"bbs_rtrg_32_34","ratio_sim",0.615848630155688,"Abundance driven"
"bbs_rtrg_32_34","ratio_real",0.615848630155688,"Observed"
"bbs_rtrg_32_36","ratio_sim",0.555526566908621,"Abundance driven"
"bbs_rtrg_32_36","ratio_real",0.555526566908621,"Observed"
"bbs_rtrg_32_38","ratio_sim",1.61450934878811,"Abundance driven"
"bbs_rtrg_32_38","ratio_real",1.61450934878811,"Observed"
"bbs_rtrg_32_44","ratio_sim",0.671090184385046,"Abundance driven"
"bbs_rtrg_32_44","ratio_real",0.671090184385046,"Observed"
"bbs_rtrg_32_46","ratio_sim",0.656551548376781,"Abundance driven"
"bbs_rtrg_32_46","ratio_real",0.656551548376781,"Observed"
"bbs_rtrg_32_6","ratio_sim",0.759973614436803,"Abundance driven"
"bbs_rtrg_32_6","ratio_real",0.759973614436803,"Observed"
"bbs_rtrg_32_82","ratio_sim",0.762644167212896,"Abundance driven"
"bbs_rtrg_32_82","ratio_real",0.762644167212896,"Observed"
"bbs_rtrg_33_27","ratio_sim",0.522492124133673,"Abundance driven"
"bbs_rtrg_33_27","ratio_real",0.522492124133673,"Observed"
"bbs_rtrg_33_36","ratio_sim",0.767433865780702,"Abundance driven"
"bbs_rtrg_33_36","ratio_real",0.767433865780702,"Observed"
"bbs_rtrg_33_44","ratio_sim",1.48216930802235,"Abundance driven"
"bbs_rtrg_33_44","ratio_real",1.48216930802235,"Observed"
"bbs_rtrg_33_46","ratio_sim",0.598785410825511,"Abundance driven"
"bbs_rtrg_33_46","ratio_real",0.598785410825511,"Observed"
"bbs_rtrg_33_64","ratio_sim",0.686470907851927,"Abundance driven"
"bbs_rtrg_33_64","ratio_real",0.686470907851927,"Observed"
"bbs_rtrg_33_72","ratio_sim",0.721014015652982,"Abundance driven"
"bbs_rtrg_33_72","ratio_real",0.721014015652982,"Observed"
"bbs_rtrg_33_79","ratio_sim",1.57998103976101,"Abundance driven"
"bbs_rtrg_33_79","ratio_real",1.57998103976101,"Observed"
"bbs_rtrg_34_34","ratio_sim",0.672868883861573,"Abundance driven"
"bbs_rtrg_34_34","ratio_real",0.672868883861573,"Observed"
"bbs_rtrg_34_67","ratio_sim",2.35396207228077,"Abundance driven"
"bbs_rtrg_34_67","ratio_real",2.35396207228077,"Observed"
"bbs_rtrg_34_82","ratio_sim",0.845941865564507,"Abundance driven"
"bbs_rtrg_34_82","ratio_real",0.845941865564507,"Observed"
"bbs_rtrg_35_17","ratio_sim",1.61502367134185,"Abundance driven"
"bbs_rtrg_35_17","ratio_real",1.61502367134185,"Observed"
"bbs_rtrg_35_2","ratio_sim",0.277010279916113,"Abundance driven"
"bbs_rtrg_35_2","ratio_real",0.277010279916113,"Observed"
"bbs_rtrg_35_35","ratio_sim",1.14900852621641,"Abundance driven"
"bbs_rtrg_35_35","ratio_real",1.14900852621641,"Observed"
"bbs_rtrg_35_49","ratio_sim",0.595788498993771,"Abundance driven"
"bbs_rtrg_35_49","ratio_real",0.595788498993771,"Observed"
"bbs_rtrg_35_50","ratio_sim",0.964389402839559,"Abundance driven"
"bbs_rtrg_35_50","ratio_real",1.53294164351329,"Observed"
"bbs_rtrg_35_66","ratio_sim",1.29229049425145,"Abundance driven"
"bbs_rtrg_35_66","ratio_real",1.29229049425145,"Observed"
"bbs_rtrg_35_72","ratio_sim",1.74179477777462,"Abundance driven"
"bbs_rtrg_35_72","ratio_real",1.74179477777462,"Observed"
"bbs_rtrg_35_91","ratio_sim",1.19949104685082,"Abundance driven"
"bbs_rtrg_35_91","ratio_real",1.19949104685082,"Observed"
"bbs_rtrg_36_27","ratio_sim",1.3325123975542,"Abundance driven"
"bbs_rtrg_36_27","ratio_real",1.3325123975542,"Observed"
"bbs_rtrg_36_46","ratio_sim",0.978130208954057,"Abundance driven"
"bbs_rtrg_36_46","ratio_real",1.3763428340443,"Observed"
"bbs_rtrg_36_53","ratio_sim",0.756635962677946,"Abundance driven"
"bbs_rtrg_36_53","ratio_real",0.756635962677946,"Observed"
"bbs_rtrg_36_89","ratio_sim",2.26619853207886,"Abundance driven"
"bbs_rtrg_36_89","ratio_real",2.26619853207886,"Observed"
"bbs_rtrg_37_25","ratio_sim",2.18813215906406,"Abundance driven"
"bbs_rtrg_37_25","ratio_real",2.18813215906406,"Observed"
"bbs_rtrg_37_35","ratio_sim",0.744565288557967,"Abundance driven"
"bbs_rtrg_37_35","ratio_real",0.744565288557967,"Observed"
"bbs_rtrg_37_38","ratio_sim",1.81597938182439,"Abundance driven"
"bbs_rtrg_37_38","ratio_real",1.81597938182439,"Observed"
"bbs_rtrg_37_90","ratio_sim",0.717284868767635,"Abundance driven"
"bbs_rtrg_37_90","ratio_real",0.717284868767635,"Observed"
"bbs_rtrg_38_34","ratio_sim",0.42189804351202,"Abundance driven"
"bbs_rtrg_38_34","ratio_real",0.42189804351202,"Observed"
"bbs_rtrg_38_35","ratio_sim",0.840306496890609,"Abundance driven"
"bbs_rtrg_38_35","ratio_real",0.840306496890609,"Observed"
"bbs_rtrg_38_42","ratio_sim",0.605452852576339,"Abundance driven"
"bbs_rtrg_38_42","ratio_real",0.605452852576339,"Observed"
"bbs_rtrg_38_46","ratio_sim",1.72887903125023,"Abundance driven"
"bbs_rtrg_38_46","ratio_real",1.72887903125023,"Observed"
"bbs_rtrg_38_49","ratio_sim",0.774098061708525,"Abundance driven"
"bbs_rtrg_38_49","ratio_real",0.774098061708525,"Observed"
"bbs_rtrg_38_61","ratio_sim",0.673248651949918,"Abundance driven"
"bbs_rtrg_38_61","ratio_real",0.673248651949918,"Observed"
"bbs_rtrg_38_72","ratio_sim",0.836709290696061,"Abundance driven"
"bbs_rtrg_38_72","ratio_real",0.836709290696061,"Observed"
"bbs_rtrg_38_90","ratio_sim",2.04942641680412,"Abundance driven"
"bbs_rtrg_38_90","ratio_real",2.04942641680412,"Observed"
"bbs_rtrg_39_35","ratio_sim",0.709840499397277,"Abundance driven"
"bbs_rtrg_39_35","ratio_real",0.709840499397277,"Observed"
"bbs_rtrg_39_46","ratio_sim",0.639935568420229,"Abundance driven"
"bbs_rtrg_39_46","ratio_real",0.639935568420229,"Observed"
"bbs_rtrg_39_49","ratio_sim",1.22899837616884,"Abundance driven"
"bbs_rtrg_39_49","ratio_real",2.07964802924962,"Observed"
"bbs_rtrg_39_53","ratio_sim",1.62060324426325,"Abundance driven"
"bbs_rtrg_39_53","ratio_real",1.62060324426325,"Observed"
"bbs_rtrg_39_64","ratio_sim",0.581104884201039,"Abundance driven"
"bbs_rtrg_39_64","ratio_real",0.581104884201039,"Observed"
"bbs_rtrg_39_72","ratio_sim",0.632989028396339,"Abundance driven"
"bbs_rtrg_39_72","ratio_real",0.632989028396339,"Observed"
"bbs_rtrg_39_76","ratio_sim",0.582464379278828,"Abundance driven"
"bbs_rtrg_39_76","ratio_real",0.582464379278828,"Observed"
"bbs_rtrg_39_91","ratio_sim",1.75421512021917,"Abundance driven"
"bbs_rtrg_39_91","ratio_real",1.75421512021917,"Observed"
"bbs_rtrg_4_17","ratio_sim",0.477261596494633,"Abundance driven"
"bbs_rtrg_4_17","ratio_real",0.477261596494633,"Observed"
"bbs_rtrg_4_44","ratio_sim",0.794325278129123,"Abundance driven"
"bbs_rtrg_4_44","ratio_real",0.794325278129123,"Observed"
"bbs_rtrg_4_46","ratio_sim",0.760466486877585,"Abundance driven"
"bbs_rtrg_4_46","ratio_real",0.760466486877585,"Observed"
"bbs_rtrg_4_58","ratio_sim",0.725625267461387,"Abundance driven"
"bbs_rtrg_4_58","ratio_real",0.725625267461387,"Observed"
"bbs_rtrg_4_60","ratio_sim",1.73712837389169,"Abundance driven"
"bbs_rtrg_4_60","ratio_real",1.73712837389169,"Observed"
"bbs_rtrg_4_63","ratio_sim",3.34149471662539,"Abundance driven"
"bbs_rtrg_4_63","ratio_real",3.34149471662539,"Observed"
"bbs_rtrg_4_64","ratio_sim",1.83030472935727,"Abundance driven"
"bbs_rtrg_4_64","ratio_real",1.83030472935727,"Observed"
"bbs_rtrg_4_7","ratio_sim",0.477571168475929,"Abundance driven"
"bbs_rtrg_4_7","ratio_real",0.477571168475929,"Observed"
"bbs_rtrg_4_72","ratio_sim",1.51907867503695,"Abundance driven"
"bbs_rtrg_4_72","ratio_real",1.51907867503695,"Observed"
"bbs_rtrg_4_76","ratio_sim",0.69869368605893,"Abundance driven"
"bbs_rtrg_4_76","ratio_real",0.69869368605893,"Observed"
"bbs_rtrg_4_88","ratio_sim",3.59188955101342,"Abundance driven"
"bbs_rtrg_4_88","ratio_real",3.59188955101342,"Observed"
"bbs_rtrg_40_17","ratio_sim",0.607713883253395,"Abundance driven"
"bbs_rtrg_40_17","ratio_real",0.607713883253395,"Observed"
"bbs_rtrg_40_4","ratio_sim",0.33906929937438,"Abundance driven"
"bbs_rtrg_40_4","ratio_real",0.557931098326976,"Observed"
"bbs_rtrg_40_53","ratio_sim",0.759012922705022,"Abundance driven"
"bbs_rtrg_40_53","ratio_real",1.17376153894662,"Observed"
"bbs_rtrg_40_54","ratio_sim",2.13353903185396,"Abundance driven"
"bbs_rtrg_40_54","ratio_real",2.13353903185396,"Observed"
"bbs_rtrg_41_27","ratio_sim",1.39824783625152,"Abundance driven"
"bbs_rtrg_41_27","ratio_real",1.39824783625152,"Observed"
"bbs_rtrg_41_34","ratio_sim",0.559076831995303,"Abundance driven"
"bbs_rtrg_41_34","ratio_real",0.559076831995303,"Observed"
"bbs_rtrg_41_46","ratio_sim",0.547869843264654,"Abundance driven"
"bbs_rtrg_41_46","ratio_real",0.547869843264654,"Observed"
"bbs_rtrg_41_49","ratio_sim",1.21707438485786,"Abundance driven"
"bbs_rtrg_41_49","ratio_real",1.21707438485786,"Observed"
"bbs_rtrg_41_56","ratio_sim",0.485630917922461,"Abundance driven"
"bbs_rtrg_41_56","ratio_real",0.709049809878772,"Observed"
"bbs_rtrg_41_81","ratio_sim",0.755382365641755,"Abundance driven"
"bbs_rtrg_41_81","ratio_real",0.755382365641755,"Observed"
"bbs_rtrg_41_82","ratio_sim",0.791256570560511,"Abundance driven"
"bbs_rtrg_41_82","ratio_real",0.791256570560511,"Observed"
"bbs_rtrg_41_88","ratio_sim",1.29316243852246,"Abundance driven"
"bbs_rtrg_41_88","ratio_real",1.29316243852246,"Observed"
"bbs_rtrg_41_90","ratio_sim",0.773472032358657,"Abundance driven"
"bbs_rtrg_41_90","ratio_real",0.773472032358657,"Observed"
"bbs_rtrg_41_91","ratio_sim",1.46750456894646,"Abundance driven"
"bbs_rtrg_41_91","ratio_real",1.46750456894646,"Observed"
"bbs_rtrg_42_34","ratio_sim",0.672624007056729,"Abundance driven"
"bbs_rtrg_42_34","ratio_real",0.672624007056729,"Observed"
"bbs_rtrg_42_46","ratio_sim",1.41508278826343,"Abundance driven"
"bbs_rtrg_42_46","ratio_real",2.2315912817827,"Observed"
"bbs_rtrg_42_50","ratio_sim",2.78229453639669,"Abundance driven"
"bbs_rtrg_42_50","ratio_real",2.78229453639669,"Observed"
"bbs_rtrg_42_82","ratio_sim",1.30379178545439,"Abundance driven"
"bbs_rtrg_42_82","ratio_real",1.30379178545439,"Observed"
"bbs_rtrg_43_2","ratio_sim",0.570398236810606,"Abundance driven"
"bbs_rtrg_43_2","ratio_real",0.570398236810606,"Observed"
"bbs_rtrg_43_34","ratio_sim",1.88894317191882,"Abundance driven"
"bbs_rtrg_43_34","ratio_real",1.88894317191882,"Observed"
"bbs_rtrg_43_46","ratio_sim",1.30471924796849,"Abundance driven"
"bbs_rtrg_43_46","ratio_real",1.30471924796849,"Observed"
"bbs_rtrg_43_50","ratio_sim",0.563461202043187,"Abundance driven"
"bbs_rtrg_43_50","ratio_real",0.563461202043187,"Observed"
"bbs_rtrg_43_89","ratio_sim",0.811871985365274,"Abundance driven"
"bbs_rtrg_43_89","ratio_real",1.18471049249478,"Observed"
"bbs_rtrg_43_91","ratio_sim",0.118798981316442,"Abundance driven"
"bbs_rtrg_43_91","ratio_real",0.118798981316442,"Observed"
"bbs_rtrg_44_17","ratio_sim",0.744915422466612,"Abundance driven"
"bbs_rtrg_44_17","ratio_real",1.06963792291683,"Observed"
"bbs_rtrg_44_34","ratio_sim",0.422861142371876,"Abundance driven"
"bbs_rtrg_44_34","ratio_real",0.422861142371876,"Observed"
"bbs_rtrg_44_46","ratio_sim",0.556153663217356,"Abundance driven"
"bbs_rtrg_44_46","ratio_real",0.556153663217356,"Observed"
"bbs_rtrg_44_88","ratio_sim",1.27853213668524,"Abundance driven"
"bbs_rtrg_44_88","ratio_real",0.764954197829694,"Observed"
"bbs_rtrg_44_90","ratio_sim",1.63337353020919,"Abundance driven"
"bbs_rtrg_44_90","ratio_real",1.63337353020919,"Observed"
"bbs_rtrg_44_91","ratio_sim",0.566500529608197,"Abundance driven"
"bbs_rtrg_44_91","ratio_real",0.782160298530233,"Observed"
"bbs_rtrg_45_2","ratio_sim",0.716217751108262,"Abundance driven"
"bbs_rtrg_45_2","ratio_real",0.993973854600184,"Observed"
"bbs_rtrg_45_83","ratio_sim",0.658823590539231,"Abundance driven"
"bbs_rtrg_45_83","ratio_real",0.658823590539231,"Observed"
"bbs_rtrg_45_91","ratio_sim",0.430218130146945,"Abundance driven"
"bbs_rtrg_45_91","ratio_real",0.430218130146945,"Observed"
"bbs_rtrg_46_27","ratio_sim",0.812583582451057,"Abundance driven"
"bbs_rtrg_46_27","ratio_real",0.812583582451057,"Observed"
"bbs_rtrg_46_34","ratio_sim",1.37520804953532,"Abundance driven"
"bbs_rtrg_46_34","ratio_real",1.37520804953532,"Observed"
"bbs_rtrg_46_90","ratio_sim",1.28757798315489,"Abundance driven"
"bbs_rtrg_46_90","ratio_real",1.28757798315489,"Observed"
"bbs_rtrg_47_2","ratio_sim",0.617013659331234,"Abundance driven"
"bbs_rtrg_47_2","ratio_real",0.617013659331234,"Observed"
"bbs_rtrg_47_34","ratio_sim",0.817662903584022,"Abundance driven"
"bbs_rtrg_47_34","ratio_real",0.817662903584022,"Observed"
"bbs_rtrg_47_46","ratio_sim",1.88808362225453,"Abundance driven"
"bbs_rtrg_47_46","ratio_real",1.88808362225453,"Observed"
"bbs_rtrg_47_50","ratio_sim",1.36502748583425,"Abundance driven"
"bbs_rtrg_47_50","ratio_real",1.36502748583425,"Observed"
"bbs_rtrg_47_61","ratio_sim",0.60530497024925,"Abundance driven"
"bbs_rtrg_47_61","ratio_real",0.60530497024925,"Observed"
"bbs_rtrg_47_72","ratio_sim",0.766468834785496,"Abundance driven"
"bbs_rtrg_47_72","ratio_real",0.766468834785496,"Observed"
"bbs_rtrg_47_91","ratio_sim",0.754226540448183,"Abundance driven"
"bbs_rtrg_47_91","ratio_real",0.754226540448183,"Observed"
"bbs_rtrg_48_27","ratio_sim",1.1840997088137,"Abundance driven"
"bbs_rtrg_48_27","ratio_real",1.1840997088137,"Observed"
"bbs_rtrg_48_91","ratio_sim",1.29781088400236,"Abundance driven"
"bbs_rtrg_48_91","ratio_real",1.29781088400236,"Observed"
"bbs_rtrg_49_66","ratio_sim",0.960742737534104,"Abundance driven"
"bbs_rtrg_49_66","ratio_real",1.38431161696912,"Observed"
"bbs_rtrg_49_91","ratio_sim",0.471558498334593,"Abundance driven"
"bbs_rtrg_49_91","ratio_real",0.471558498334593,"Observed"
"bbs_rtrg_5_35","ratio_sim",0.824162259659293,"Abundance driven"
"bbs_rtrg_5_35","ratio_real",0.824162259659293,"Observed"
"bbs_rtrg_5_45","ratio_sim",1.36729634261813,"Abundance driven"
"bbs_rtrg_5_45","ratio_real",1.36729634261813,"Observed"
"bbs_rtrg_5_46","ratio_sim",0.772130058100124,"Abundance driven"
"bbs_rtrg_5_46","ratio_real",0.772130058100124,"Observed"
"bbs_rtrg_5_60","ratio_sim",1.40466173674538,"Abundance driven"
"bbs_rtrg_5_60","ratio_real",1.40466173674538,"Observed"
"bbs_rtrg_5_63","ratio_sim",1.24320500449795,"Abundance driven"
"bbs_rtrg_5_63","ratio_real",1.24320500449795,"Observed"
"bbs_rtrg_5_68","ratio_sim",0.557087743364747,"Abundance driven"
"bbs_rtrg_5_68","ratio_real",0.557087743364747,"Observed"
"bbs_rtrg_5_76","ratio_sim",0.45841694314429,"Abundance driven"
"bbs_rtrg_5_76","ratio_real",0.45841694314429,"Observed"
"bbs_rtrg_5_87","ratio_sim",0.804083320825396,"Abundance driven"
"bbs_rtrg_5_87","ratio_real",0.804083320825396,"Observed"
"bbs_rtrg_5_88","ratio_sim",1.38520398195513,"Abundance driven"
"bbs_rtrg_5_88","ratio_real",1.38520398195513,"Observed"
"bbs_rtrg_5_89","ratio_sim",0.734359509130525,"Abundance driven"
"bbs_rtrg_5_89","ratio_real",0.734359509130525,"Observed"
"bbs_rtrg_5_91","ratio_sim",1.37347944686945,"Abundance driven"
"bbs_rtrg_5_91","ratio_real",1.37347944686945,"Observed"
"bbs_rtrg_50_72","ratio_sim",0.801016209853841,"Abundance driven"
"bbs_rtrg_50_72","ratio_real",1.03426275836115,"Observed"
"bbs_rtrg_51_27","ratio_sim",1.2666769941034,"Abundance driven"
"bbs_rtrg_51_27","ratio_real",1.2666769941034,"Observed"
"bbs_rtrg_52_17","ratio_sim",0.620828463185973,"Abundance driven"
"bbs_rtrg_52_17","ratio_real",0.620828463185973,"Observed"
"bbs_rtrg_52_34","ratio_sim",0.668485258539088,"Abundance driven"
"bbs_rtrg_52_34","ratio_real",0.668485258539088,"Observed"
"bbs_rtrg_52_91","ratio_sim",0.24793432368076,"Abundance driven"
"bbs_rtrg_52_91","ratio_real",0.24793432368076,"Observed"
"bbs_rtrg_53_25","ratio_sim",0.602969542185508,"Abundance driven"
"bbs_rtrg_53_25","ratio_real",0.602969542185508,"Observed"
"bbs_rtrg_53_61","ratio_sim",2.03571239090042,"Abundance driven"
"bbs_rtrg_53_61","ratio_real",2.03571239090042,"Observed"
"bbs_rtrg_53_90","ratio_sim",2.84619295134764,"Abundance driven"
"bbs_rtrg_53_90","ratio_real",2.84619295134764,"Observed"
"bbs_rtrg_53_92","ratio_sim",0.865320479587509,"Abundance driven"
"bbs_rtrg_53_92","ratio_real",0.865320479587509,"Observed"
"bbs_rtrg_54_34","ratio_sim",0.448887286166298,"Abundance driven"
"bbs_rtrg_54_34","ratio_real",0.448887286166298,"Observed"
"bbs_rtrg_54_68","ratio_sim",0.66127303234555,"Abundance driven"
"bbs_rtrg_54_68","ratio_real",0.66127303234555,"Observed"
"bbs_rtrg_54_91","ratio_sim",0.571794059023731,"Abundance driven"
"bbs_rtrg_54_91","ratio_real",0.571794059023731,"Observed"
"bbs_rtrg_55_49","ratio_sim",0.644567565185274,"Abundance driven"
"bbs_rtrg_55_49","ratio_real",0.644567565185274,"Observed"
"bbs_rtrg_55_91","ratio_sim",1.41365576979929,"Abundance driven"
"bbs_rtrg_55_91","ratio_real",1.41365576979929,"Observed"
"bbs_rtrg_56_61","ratio_sim",0.830789100681682,"Abundance driven"
"bbs_rtrg_56_61","ratio_real",0.830789100681682,"Observed"
"bbs_rtrg_57_25","ratio_sim",0.290426125689963,"Abundance driven"
"bbs_rtrg_57_25","ratio_real",0.290426125689963,"Observed"
"bbs_rtrg_57_27","ratio_sim",1.49107792561551,"Abundance driven"
"bbs_rtrg_57_27","ratio_real",1.49107792561551,"Observed"
"bbs_rtrg_58_17","ratio_sim",0.569649343844194,"Abundance driven"
"bbs_rtrg_58_17","ratio_real",0.569649343844194,"Observed"
"bbs_rtrg_58_61","ratio_sim",0.859033001450112,"Abundance driven"
"bbs_rtrg_58_61","ratio_real",0.859033001450112,"Observed"
"bbs_rtrg_59_34","ratio_sim",0.820563116119541,"Abundance driven"
"bbs_rtrg_59_34","ratio_real",0.820563116119541,"Observed"
"bbs_rtrg_6_36","ratio_sim",0.684613856570267,"Abundance driven"
"bbs_rtrg_6_36","ratio_real",0.684613856570267,"Observed"
"bbs_rtrg_6_38","ratio_sim",1.51467820579866,"Abundance driven"
"bbs_rtrg_6_38","ratio_real",1.51467820579866,"Observed"
"bbs_rtrg_6_39","ratio_sim",0.790175478668072,"Abundance driven"
"bbs_rtrg_6_39","ratio_real",0.790175478668072,"Observed"
"bbs_rtrg_6_44","ratio_sim",0.622304107364839,"Abundance driven"
"bbs_rtrg_6_44","ratio_real",0.622304107364839,"Observed"
"bbs_rtrg_6_46","ratio_sim",1.59057631578505,"Abundance driven"
"bbs_rtrg_6_46","ratio_real",1.59057631578505,"Observed"
"bbs_rtrg_6_53","ratio_sim",0.865668642368605,"Abundance driven"
"bbs_rtrg_6_53","ratio_real",0.865668642368605,"Observed"
"bbs_rtrg_6_58","ratio_sim",0.795905115140631,"Abundance driven"
"bbs_rtrg_6_58","ratio_real",0.795905115140631,"Observed"
"bbs_rtrg_6_60","ratio_sim",1.54267311429417,"Abundance driven"
"bbs_rtrg_6_60","ratio_real",1.54267311429417,"Observed"
"bbs_rtrg_6_68","ratio_sim",0.782198121864872,"Abundance driven"
"bbs_rtrg_6_68","ratio_real",0.782198121864872,"Observed"
"bbs_rtrg_6_82","ratio_sim",1.41053911285575,"Abundance driven"
"bbs_rtrg_6_82","ratio_real",1.41053911285575,"Observed"
"bbs_rtrg_6_87","ratio_sim",0.528292729908418,"Abundance driven"
"bbs_rtrg_6_87","ratio_real",0.528292729908418,"Observed"
"bbs_rtrg_60_72","ratio_sim",0.665104567094826,"Abundance driven"
"bbs_rtrg_60_72","ratio_real",0.665104567094826,"Observed"
"bbs_rtrg_60_76","ratio_sim",0.693091388755897,"Abundance driven"
"bbs_rtrg_60_76","ratio_real",0.693091388755897,"Observed"
"bbs_rtrg_61_34","ratio_sim",0.67345534802589,"Abundance driven"
"bbs_rtrg_61_34","ratio_real",0.67345534802589,"Observed"
"bbs_rtrg_61_72","ratio_sim",0.848989423986567,"Abundance driven"
"bbs_rtrg_61_72","ratio_real",0.848989423986567,"Observed"
"bbs_rtrg_62_25","ratio_sim",0.595850979030304,"Abundance driven"
"bbs_rtrg_62_25","ratio_real",0.595850979030304,"Observed"
"bbs_rtrg_62_91","ratio_sim",0.682479505908155,"Abundance driven"
"bbs_rtrg_62_91","ratio_real",0.682479505908155,"Observed"
"bbs_rtrg_63_34","ratio_sim",0.751595007105579,"Abundance driven"
"bbs_rtrg_63_34","ratio_real",0.751595007105579,"Observed"
"bbs_rtrg_63_72","ratio_sim",1.20554171209545,"Abundance driven"
"bbs_rtrg_63_72","ratio_real",1.20554171209545,"Observed"
"bbs_rtrg_64_61","ratio_sim",0.63945801498606,"Abundance driven"
"bbs_rtrg_64_61","ratio_real",0.63945801498606,"Observed"
"bbs_rtrg_64_66","ratio_sim",1.1890461257838,"Abundance driven"
"bbs_rtrg_64_66","ratio_real",1.1890461257838,"Observed"
"bbs_rtrg_65_91","ratio_sim",0.344247376552947,"Abundance driven"
"bbs_rtrg_65_91","ratio_real",0.344247376552947,"Observed"
"bbs_rtrg_66_25","ratio_sim",0.91051855154638,"Abundance driven"
"bbs_rtrg_66_25","ratio_real",1.61168657804663,"Observed"
"bbs_rtrg_66_68","ratio_sim",0.52277185728979,"Abundance driven"
"bbs_rtrg_66_68","ratio_real",0.7018577384988,"Observed"
"bbs_rtrg_66_91","ratio_sim",0.372327985074135,"Abundance driven"
"bbs_rtrg_66_91","ratio_real",0.372327985074135,"Observed"
"bbs_rtrg_67_66","ratio_sim",0.679126137592979,"Abundance driven"
"bbs_rtrg_67_66","ratio_real",0.679126137592979,"Observed"
"bbs_rtrg_68_72","ratio_sim",0.521282964394051,"Abundance driven"
"bbs_rtrg_68_72","ratio_real",0.521282964394051,"Observed"
"bbs_rtrg_68_91","ratio_sim",0.689100946027193,"Abundance driven"
"bbs_rtrg_68_91","ratio_real",0.689100946027193,"Observed"
"bbs_rtrg_7_38","ratio_sim",1.88428839929329,"Abundance driven"
"bbs_rtrg_7_38","ratio_real",1.88428839929329,"Observed"
"bbs_rtrg_7_44","ratio_sim",0.52968759599136,"Abundance driven"
"bbs_rtrg_7_44","ratio_real",0.52968759599136,"Observed"
"bbs_rtrg_7_52","ratio_sim",1.24598750015751,"Abundance driven"
"bbs_rtrg_7_52","ratio_real",1.24598750015751,"Observed"
"bbs_rtrg_7_64","ratio_sim",0.643691476702998,"Abundance driven"
"bbs_rtrg_7_64","ratio_real",0.643691476702998,"Observed"
"bbs_rtrg_7_68","ratio_sim",0.582210218111302,"Abundance driven"
"bbs_rtrg_7_68","ratio_real",0.582210218111302,"Observed"
"bbs_rtrg_7_7","ratio_sim",0.781671064119876,"Abundance driven"
"bbs_rtrg_7_7","ratio_real",0.781671064119876,"Observed"
"bbs_rtrg_7_92","ratio_sim",1.64568522107583,"Abundance driven"
"bbs_rtrg_7_92","ratio_real",1.64568522107583,"Observed"
"bbs_rtrg_70_91","ratio_sim",0.796052145975144,"Abundance driven"
"bbs_rtrg_70_91","ratio_real",0.796052145975144,"Observed"
"bbs_rtrg_705_81","ratio_sim",1.22143740827697,"Abundance driven"
"bbs_rtrg_705_81","ratio_real",1.22143740827697,"Observed"
"bbs_rtrg_71_14","ratio_sim",1.13490445709939,"Abundance driven"
"bbs_rtrg_71_14","ratio_real",1.13490445709939,"Observed"
"bbs_rtrg_72_2","ratio_sim",0.713371562544155,"Abundance driven"
"bbs_rtrg_72_2","ratio_real",0.713371562544155,"Observed"
"bbs_rtrg_72_72","ratio_sim",1.40994238320009,"Abundance driven"
"bbs_rtrg_72_72","ratio_real",1.40994238320009,"Observed"
"bbs_rtrg_73_25","ratio_sim",0.436806058192261,"Abundance driven"
"bbs_rtrg_73_25","ratio_real",1.22543566930941,"Observed"
"bbs_rtrg_73_49","ratio_sim",0.399042967298387,"Abundance driven"
"bbs_rtrg_73_49","ratio_real",0.399042967298387,"Observed"
"bbs_rtrg_73_61","ratio_sim",0.675072301544411,"Abundance driven"
"bbs_rtrg_73_61","ratio_real",0.675072301544411,"Observed"
"bbs_rtrg_73_66","ratio_sim",1.23803210024184,"Abundance driven"
"bbs_rtrg_73_66","ratio_real",1.23803210024184,"Observed"
"bbs_rtrg_74_66","ratio_sim",0.892833278867784,"Abundance driven"
"bbs_rtrg_74_66","ratio_real",0.892833278867784,"Observed"
"bbs_rtrg_75_83","ratio_sim",0.670032055149048,"Abundance driven"
"bbs_rtrg_75_83","ratio_real",0.670032055149048,"Observed"
"bbs_rtrg_76_72","ratio_sim",0.613313409389153,"Abundance driven"
"bbs_rtrg_76_72","ratio_real",0.613313409389153,"Observed"
"bbs_rtrg_77_92","ratio_sim",1.42597498220746,"Abundance driven"
"bbs_rtrg_77_92","ratio_real",1.42597498220746,"Observed"
"bbs_rtrg_8_38","ratio_sim",0.331257179664553,"Abundance driven"
"bbs_rtrg_8_38","ratio_real",0.331257179664553,"Observed"
"bbs_rtrg_8_46","ratio_sim",0.577254749058939,"Abundance driven"
"bbs_rtrg_8_46","ratio_real",0.577254749058939,"Observed"
"bbs_rtrg_8_50","ratio_sim",0.531919186387028,"Abundance driven"
"bbs_rtrg_8_50","ratio_real",0.531919186387028,"Observed"
"bbs_rtrg_8_69","ratio_sim",0.807929449969661,"Abundance driven"
"bbs_rtrg_8_69","ratio_real",1.52698571805427,"Observed"
"bbs_rtrg_8_72","ratio_sim",0.740194970521036,"Abundance driven"
"bbs_rtrg_8_72","ratio_real",1.03491748745024,"Observed"
"bbs_rtrg_8_91","ratio_sim",0.818453068297568,"Abundance driven"
"bbs_rtrg_8_91","ratio_real",0.818453068297568,"Observed"
"bbs_rtrg_80_14","ratio_sim",0.547955220466576,"Abundance driven"
"bbs_rtrg_80_14","ratio_real",0.547955220466576,"Observed"
"bbs_rtrg_81_25","ratio_sim",0.772795946981984,"Abundance driven"
"bbs_rtrg_81_25","ratio_real",0.772795946981984,"Observed"
"bbs_rtrg_81_60","ratio_sim",0.49786572186265,"Abundance driven"
"bbs_rtrg_81_60","ratio_real",0.49786572186265,"Observed"
"bbs_rtrg_82_60","ratio_sim",0.685207728571882,"Abundance driven"
"bbs_rtrg_82_60","ratio_real",0.685207728571882,"Observed"
"bbs_rtrg_82_66","ratio_sim",1.58963410214541,"Abundance driven"
"bbs_rtrg_82_66","ratio_real",1.58963410214541,"Observed"
"bbs_rtrg_82_83","ratio_sim",0.701931030410736,"Abundance driven"
"bbs_rtrg_82_83","ratio_real",0.701931030410736,"Observed"
"bbs_rtrg_83_72","ratio_sim",1.2027741497847,"Abundance driven"
"bbs_rtrg_83_72","ratio_real",1.2027741497847,"Observed"
"bbs_rtrg_84_72","ratio_sim",1.05157892416945,"Abundance driven"
"bbs_rtrg_84_72","ratio_real",0.707771810124505,"Observed"
"bbs_rtrg_86_66","ratio_sim",1.70045423983845,"Abundance driven"
"bbs_rtrg_86_66","ratio_real",1.70045423983845,"Observed"
"bbs_rtrg_86_72","ratio_sim",0.532786630179603,"Abundance driven"
"bbs_rtrg_86_72","ratio_real",0.532786630179603,"Observed"
"bbs_rtrg_88_72","ratio_sim",0.717164810491313,"Abundance driven"
"bbs_rtrg_88_72","ratio_real",1.10562451479257,"Observed"
"bbs_rtrg_9_17","ratio_sim",0.973339434115265,"Abundance driven"
"bbs_rtrg_9_17","ratio_real",1.37370442655819,"Observed"
"bbs_rtrg_9_35","ratio_sim",0.564746731571049,"Abundance driven"
"bbs_rtrg_9_35","ratio_real",0.564746731571049,"Observed"
"bbs_rtrg_9_47","ratio_sim",0.436080292235069,"Abundance driven"
"bbs_rtrg_9_47","ratio_real",0.436080292235069,"Observed"
"bbs_rtrg_9_53","ratio_sim",0.911840221089517,"Abundance driven"
"bbs_rtrg_9_53","ratio_real",1.47744106603212,"Observed"
"bbs_rtrg_9_58","ratio_sim",2.29925562850716,"Abundance driven"
"bbs_rtrg_9_58","ratio_real",2.29925562850716,"Observed"
"bbs_rtrg_9_60","ratio_sim",1.42710227076639,"Abundance driven"
"bbs_rtrg_9_60","ratio_real",1.42710227076639,"Observed"
"bbs_rtrg_9_64","ratio_sim",1.17032643060023,"Abundance driven"
"bbs_rtrg_9_64","ratio_real",1.17032643060023,"Observed"
"bbs_rtrg_9_69","ratio_sim",1.73264959911495,"Abundance driven"
"bbs_rtrg_9_69","ratio_real",1.73264959911495,"Observed"
"bbs_rtrg_9_89","ratio_sim",0.668817732347549,"Abundance driven"
"bbs_rtrg_9_89","ratio_real",0.668817732347549,"Observed"
"bbs_rtrg_90_61","ratio_sim",0.792875093746671,"Abundance driven"
"bbs_rtrg_90_61","ratio_real",0.792875093746671,"Observed"
"bbs_rtrg_90_72","ratio_sim",0.775448327652515,"Abundance driven"
"bbs_rtrg_90_72","ratio_real",0.775448327652515,"Observed"
"bbs_rtrg_90_92","ratio_sim",0.409502266626227,"Abundance driven"
"bbs_rtrg_90_92","ratio_real",0.409502266626227,"Observed"
"bbs_rtrg_91_72","ratio_sim",0.824126890752734,"Abundance driven"
"bbs_rtrg_91_72","ratio_real",0.824126890752734,"Observed"
"bbs_rtrg_92_83","ratio_sim",1.67823626903536,"Abundance driven"
"bbs_rtrg_92_83","ratio_real",1.67823626903536,"Observed"
"bbs_rtrg_98_14","ratio_sim",0.679201391878068,"Abundance driven"
"bbs_rtrg_98_14","ratio_real",1.1034136434265,"Observed"
