"site","year","species","abund"
"1983_summer",1983,"aris adsc",57
"1983_summer",1983,"bail mult",4
"1983_summer",1983,"boer torr",327
"1983_summer",1983,"bout aris",3962
"1983_summer",1983,"chen frem",96
"1983_summer",1983,"erio aber",2629
"1983_summer",1983,"euph fend",24
"1983_summer",1983,"moll cerv",16
"1983_summer",1983,"moll vert",1
"1983_summer",1983,"pani ariz",98
"1983_summer",1983,"pect papp",74
"1983_summer",1983,"tide lanu",288
"1983_summer",1983,"bail mult",29
"1983_summer",1983,"erig dive",44
"1983_summer",1983,"erio aber",10357
"1983_summer",1983,"erod cicu",10
"1983_summer",1983,"hapl grac",3
"1984_summer",1984,"aris adsc",3
"1984_summer",1984,"bail mult",139
"1984_summer",1984,"boer torr",22
"1984_summer",1984,"bout aris",399
"1984_summer",1984,"erio aber",30
"1984_summer",1984,"euph fend",70
"1984_summer",1984,"moll cerv",577
"1984_summer",1984,"moll vert",2
"1984_summer",1984,"pani ariz",72
"1984_summer",1984,"pect papp",129
"1984_summer",1984,"tide lanu",73
"1984_summer",1984,"bail mult",428
"1984_summer",1984,"erig dive",1239
"1984_summer",1984,"erio aber",686
"1984_summer",1984,"erod cicu",70
"1984_summer",1984,"hapl grac",10
"1985_summer",1985,"aris adsc",1
"1985_summer",1985,"bail mult",173
"1985_summer",1985,"boer torr",19
"1985_summer",1985,"bout aris",171
"1985_summer",1985,"erio aber",112
"1985_summer",1985,"euph fend",47
"1985_summer",1985,"moll cerv",204
"1985_summer",1985,"moll vert",92
"1985_summer",1985,"pani ariz",7
"1985_summer",1985,"pect papp",29
"1985_summer",1985,"tide lanu",29
"1985_summer",1985,"bail mult",837
"1985_summer",1985,"erig dive",306
"1985_summer",1985,"erio aber",810
"1985_summer",1985,"erod cicu",238
"1985_summer",1985,"hapl grac",142
"1986_summer",1986,"aris adsc",8
"1986_summer",1986,"bail mult",307
"1986_summer",1986,"boer torr",243
"1986_summer",1986,"bout aris",437
"1986_summer",1986,"erio aber",141
"1986_summer",1986,"euph fend",567
"1986_summer",1986,"moll cerv",145
"1986_summer",1986,"moll vert",903
"1986_summer",1986,"pani ariz",65
"1986_summer",1986,"pect papp",300
"1986_summer",1986,"tide lanu",88
"1986_summer",1986,"bail mult",639
"1986_summer",1986,"erig dive",472
"1986_summer",1986,"erio aber",779
"1986_summer",1986,"erod cicu",33
"1986_summer",1986,"hapl grac",2183
"1988_summer",1988,"aris adsc",55
"1988_summer",1988,"bail mult",13
"1988_summer",1988,"boer torr",142
"1988_summer",1988,"bout aris",2322
"1988_summer",1988,"chen frem",1
"1988_summer",1988,"erio aber",129
"1988_summer",1988,"moll cerv",14
"1988_summer",1988,"moll vert",2223
"1988_summer",1988,"pani ariz",13
"1988_summer",1988,"pect papp",121
"1988_summer",1988,"tide lanu",77
"1988_summer",1988,"bail mult",15
"1988_summer",1988,"erig dive",23
"1988_summer",1988,"erio aber",531
"1988_summer",1988,"erod cicu",51
"1988_summer",1988,"hapl grac",6339
"1991_summer",1991,"amar palm",4
"1991_summer",1991,"aris adsc",836
"1991_summer",1991,"bahi bite",4
"1991_summer",1991,"bail mult",36
"1991_summer",1991,"boer inte",25
"1991_summer",1991,"boer torr",1
"1991_summer",1991,"bout aris",8694
"1991_summer",1991,"bout barb",1
"1991_summer",1991,"chen frem",9
"1991_summer",1991,"crot pumi",1
"1991_summer",1991,"dale brac",6
"1991_summer",1991,"erig dive",18
"1991_summer",1991,"erio aber",175
"1991_summer",1991,"euph serp",10
"1991_summer",1991,"euph serr",5
"1991_summer",1991,"hapl grac",7
"1991_summer",1991,"mach tanr",6
"1991_summer",1991,"pani ariz",6
"1991_summer",1991,"pani hirt",5
"1991_summer",1991,"pani mili",25
"1991_summer",1991,"pect papp",42
"1991_summer",1991,"port parv",7
"1991_summer",1991,"sida spin",11
"1991_summer",1991,"tide lanu",19
"1991_summer",1991,"bail mult",46
"1991_summer",1991,"chen frem",24
"1991_summer",1991,"dith wisl",2
"1991_summer",1991,"erig dive",60
"1991_summer",1991,"erio aber",221
"1991_summer",1991,"erod cicu",5
"1991_summer",1991,"hapl grac",434
"1993_summer",1993,"ambr arte",7
"1993_summer",1993,"aris adsc",11
"1993_summer",1993,"bahi bite",1
"1993_summer",1993,"bail mult",1
"1993_summer",1993,"boer inte",2
"1993_summer",1993,"boer torr",3
"1993_summer",1993,"bout aris",134
"1993_summer",1993,"chen frem",1
"1993_summer",1993,"crot pumi",91
"1993_summer",1993,"dale brac",5
"1993_summer",1993,"erio aber",65
"1993_summer",1993,"euph exst",2
"1993_summer",1993,"euph micr",40
"1993_summer",1993,"euph serr",8
"1993_summer",1993,"hapl grac",89
"1993_summer",1993,"kall gran",1
"1993_summer",1993,"moll cerv",197
"1993_summer",1993,"moll vert",1
"1993_summer",1993,"pani ariz",24
"1993_summer",1993,"pani hirt",1
"1993_summer",1993,"pani mili",1
"1993_summer",1993,"pect papp",21
"1993_summer",1993,"port parv",13
"1993_summer",1993,"prob parv",1
"1993_summer",1993,"sida spin",19
"1993_summer",1993,"tide lanu",16
"1993_summer",1993,"tria port",1
"1993_summer",1993,"ambr arte",4
"1993_summer",1993,"bail mult",12
"1993_summer",1993,"chen frem",17
"1993_summer",1993,"dale brac",1
"1993_summer",1993,"erig dive",84
"1993_summer",1993,"erio aber",1780
"1993_summer",1993,"erod cicu",26
"1993_summer",1993,"hapl grac",18706
"1994_summer",1994,"ambr arte",1
"1994_summer",1994,"aris adsc",2
"1994_summer",1994,"boer torr",6
"1994_summer",1994,"bout aris",10
"1994_summer",1994,"dale brac",1
"1994_summer",1994,"erio aber",31
"1994_summer",1994,"euph micr",1
"1994_summer",1994,"euph serr",1
"1994_summer",1994,"pani ariz",4
"1994_summer",1994,"pect papp",3
"1994_summer",1994,"ambr arte",8
"1994_summer",1994,"bail mult",4
"1994_summer",1994,"chen frem",5
"1994_summer",1994,"dith wisl",4
"1994_summer",1994,"erig dive",4
"1994_summer",1994,"erio aber",224
"1994_summer",1994,"erod cicu",111
"1994_summer",1994,"hapl grac",402
"1995_summer",1995,"amar palm",3
"1995_summer",1995,"bail mult",1
"1995_summer",1995,"boer inte",30
"1995_summer",1995,"bout aris",6
"1995_summer",1995,"bout barb",2
"1995_summer",1995,"chen frem",2
"1995_summer",1995,"crot pumi",4
"1995_summer",1995,"erio aber",273
"1995_summer",1995,"euph micr",2
"1995_summer",1995,"euph serp",10
"1995_summer",1995,"hapl grac",351
"1995_summer",1995,"mach tanr",6
"1995_summer",1995,"moll vert",2
"1995_summer",1995,"pani hirt",1
"1995_summer",1995,"port parv",1
"1995_summer",1995,"sida spin",5
"1995_summer",1995,"tide lanu",5
"1995_summer",1995,"ambr arte",5
"1995_summer",1995,"bail mult",7
"1995_summer",1995,"chen frem",38
"1995_summer",1995,"dith wisl",1
"1995_summer",1995,"erig dive",27
"1995_summer",1995,"erio aber",635
"1995_summer",1995,"erod cicu",155
"1995_summer",1995,"hapl grac",827
"1996_summer",1996,"amar palm",2
"1996_summer",1996,"ambr arte",5
"1996_summer",1996,"bahi bite",2
"1996_summer",1996,"boer coul",52
"1996_summer",1996,"boer inte",201
"1996_summer",1996,"boer torr",1
"1996_summer",1996,"bout aris",463
"1996_summer",1996,"bout barb",427
"1996_summer",1996,"crot pumi",3
"1996_summer",1996,"dale brac",6
"1996_summer",1996,"euph micr",3
"1996_summer",1996,"euph serp",123
"1996_summer",1996,"mach tanr",1
"1996_summer",1996,"pani ariz",2
"1996_summer",1996,"pani hirt",23
"1996_summer",1996,"pect papp",13
"1996_summer",1996,"sida spin",3
"1996_summer",1996,"tide lanu",18
"1997_summer",1997,"amar palm",12
"1997_summer",1997,"ambr arte",3
"1997_summer",1997,"aris adsc",694
"1997_summer",1997,"bail mult",1
"1997_summer",1997,"boer inte",100
"1997_summer",1997,"boer torr",49
"1997_summer",1997,"bout aris",548
"1997_summer",1997,"bout barb",8
"1997_summer",1997,"chen frem",3
"1997_summer",1997,"crot pumi",47
"1997_summer",1997,"dale brac",1
"1997_summer",1997,"erio aber",490
"1997_summer",1997,"euph exst",1
"1997_summer",1997,"euph micr",12
"1997_summer",1997,"euph serp",176
"1997_summer",1997,"euph serr",11
"1997_summer",1997,"hapl grac",57
"1997_summer",1997,"kall gran",1
"1997_summer",1997,"mach tanr",4
"1997_summer",1997,"moll cerv",1
"1997_summer",1997,"pani hirt",41
"1997_summer",1997,"pect papp",42
"1997_summer",1997,"tide lanu",82
"1997_summer",1997,"ambr arte",11
"1997_summer",1997,"bail mult",12
"1997_summer",1997,"chen frem",8
"1997_summer",1997,"erig dive",1
"1997_summer",1997,"erio aber",1365
"1997_summer",1997,"erod cicu",1014
"1997_summer",1997,"hapl grac",725
"1998_summer",1998,"amar palm",5
"1998_summer",1998,"ambr arte",4
"1998_summer",1998,"aris adsc",3
"1998_summer",1998,"boer inte",183
"1998_summer",1998,"boer torr",93
"1998_summer",1998,"bout aris",12
"1998_summer",1998,"bout barb",24
"1998_summer",1998,"chen frem",1
"1998_summer",1998,"crot pumi",5
"1998_summer",1998,"dale brac",22
"1998_summer",1998,"erio aber",333
"1998_summer",1998,"euph micr",1
"1998_summer",1998,"euph serp",14
"1998_summer",1998,"euph serr",1
"1998_summer",1998,"hapl grac",3
"1998_summer",1998,"kall gran",1
"1998_summer",1998,"moll cerv",2
"1998_summer",1998,"moll vert",3
"1998_summer",1998,"pani ariz",29
"1998_summer",1998,"pani mili",1
"1998_summer",1998,"pect papp",10
"1998_summer",1998,"sida spin",1
"1998_summer",1998,"tide lanu",31
"1998_summer",1998,"ambr arte",1
"1998_summer",1998,"bail mult",1
"1998_summer",1998,"chen frem",10
"1998_summer",1998,"erio aber",700
"1998_summer",1998,"erod cicu",2219
"1998_summer",1998,"hapl grac",18
"1999_summer",1999,"amar palm",13
"1999_summer",1999,"boer inte",35
"1999_summer",1999,"boer torr",178
"1999_summer",1999,"bout aris",109
"1999_summer",1999,"bout barb",294
"1999_summer",1999,"crot pumi",14
"1999_summer",1999,"dale brac",36
"1999_summer",1999,"erod cicu",65
"1999_summer",1999,"euph micr",6
"1999_summer",1999,"euph serp",33
"1999_summer",1999,"euph serr",5
"1999_summer",1999,"kall gran",2
"1999_summer",1999,"moll cerv",76
"1999_summer",1999,"moll vert",19
"1999_summer",1999,"pani ariz",50
"1999_summer",1999,"pani hirt",28
"1999_summer",1999,"pani mili",5
"1999_summer",1999,"pect papp",3
"1999_summer",1999,"sida spin",1
"1999_summer",1999,"tide lanu",27
"1999_summer",1999,"tria port",1
"1999_summer",1999,"erio aber",58
"1999_summer",1999,"erod cicu",26
"2000_summer",2000,"amar palm",1
"2000_summer",2000,"aris adsc",155
"2000_summer",2000,"boer inte",47
"2000_summer",2000,"bout aris",371
"2000_summer",2000,"bout barb",442
"2000_summer",2000,"dale brac",1
"2000_summer",2000,"euph serp",1
"2000_summer",2000,"kall gran",1
"2000_summer",2000,"moll vert",1
"2000_summer",2000,"pani ariz",12
"2000_summer",2000,"pani hirt",11
"2000_summer",2000,"pani mili",2
"2000_summer",2000,"tide lanu",6
"2001_summer",2001,"amar palm",1
"2001_summer",2001,"ambr arte",5
"2001_summer",2001,"aris adsc",4
"2001_summer",2001,"bail mult",1
"2001_summer",2001,"boer inte",20
"2001_summer",2001,"boer torr",18
"2001_summer",2001,"bout aris",17
"2001_summer",2001,"bout barb",32
"2001_summer",2001,"crot pumi",2
"2001_summer",2001,"dale brac",1
"2001_summer",2001,"erio aber",221
"2001_summer",2001,"erio lemm",1
"2001_summer",2001,"erod cicu",1
"2001_summer",2001,"euph serp",3
"2001_summer",2001,"euph serr",12
"2001_summer",2001,"hapl grac",18
"2001_summer",2001,"ipom cost",1
"2001_summer",2001,"mach tanr",2
"2001_summer",2001,"pani ariz",2
"2001_summer",2001,"pani hirt",17
"2001_summer",2001,"pect papp",4
"2001_summer",2001,"sida spin",1
"2001_summer",2001,"tide lanu",44
"2001_summer",2001,"bail mult",4
"2001_summer",2001,"chen frem",246
"2001_summer",2001,"erig dive",25
"2001_summer",2001,"erio aber",9
"2001_summer",2001,"erod cicu",1786
"2001_summer",2001,"hapl grac",33
"2002_summer",2002,"amar palm",263
"2002_summer",2002,"ambr arte",5
"2002_summer",2002,"aris adsc",111
"2002_summer",2002,"boer inte",130
"2002_summer",2002,"boer torr",93
"2002_summer",2002,"bout aris",242
"2002_summer",2002,"bout barb",1035
"2002_summer",2002,"cass lept",16
"2002_summer",2002,"crot pumi",103
"2002_summer",2002,"dale brac",217
"2002_summer",2002,"erio aber",2
"2002_summer",2002,"erio lemm",11
"2002_summer",2002,"erod cicu",8
"2002_summer",2002,"euph exst",2
"2002_summer",2002,"euph micr",13
"2002_summer",2002,"euph serp",122
"2002_summer",2002,"euph serr",11
"2002_summer",2002,"ipom cost",17
"2002_summer",2002,"kall gran",17
"2002_summer",2002,"moll cerv",349
"2002_summer",2002,"moll vert",109
"2002_summer",2002,"pani ariz",200
"2002_summer",2002,"pani hirt",254
"2002_summer",2002,"pani mili",57
"2002_summer",2002,"pect papp",75
"2002_summer",2002,"port parv",4
"2002_summer",2002,"sida spin",10
"2002_summer",2002,"tide lanu",358
"2002_summer",2002,"trag bert",1
"2002_summer",2002,"verb ence",3
"2002_summer",2002,"ambr arte",4
"2002_summer",2002,"erig dive",4
"2002_summer",2002,"erio aber",512
"2002_summer",2002,"erod cicu",669
"2002_summer",2002,"hapl grac",2
"2003_summer",2003,"bail mult",1
"2003_summer",2003,"erio aber",63
"2003_summer",2003,"erod cicu",3923
"2003_summer",2003,"hapl grac",8
"2004_summer",2004,"amar palm",144
"2004_summer",2004,"aris adsc",72
"2004_summer",2004,"bail mult",1
"2004_summer",2004,"boer inte",152
"2004_summer",2004,"boer torr",138
"2004_summer",2004,"bout aris",69
"2004_summer",2004,"bout barb",1793
"2004_summer",2004,"cass lept",5
"2004_summer",2004,"crot pumi",66
"2004_summer",2004,"dale brac",24
"2004_summer",2004,"erio aber",59
"2004_summer",2004,"erod cicu",90
"2004_summer",2004,"euph exst",5
"2004_summer",2004,"euph micr",50
"2004_summer",2004,"euph serp",367
"2004_summer",2004,"euph serr",15
"2004_summer",2004,"hapl grac",1
"2004_summer",2004,"ipom cost",10
"2004_summer",2004,"kall gran",5
"2004_summer",2004,"moll cerv",9
"2004_summer",2004,"moll vert",986
"2004_summer",2004,"pani ariz",75
"2004_summer",2004,"pani hirt",342
"2004_summer",2004,"pani mili",5
"2004_summer",2004,"pect papp",360
"2004_summer",2004,"port parv",7
"2004_summer",2004,"sanv aber",13
"2004_summer",2004,"sida spin",4
"2004_summer",2004,"tide lanu",410
"2004_summer",2004,"tria port",3
"2004_summer",2004,"bail mult",1
"2004_summer",2004,"erig dive",1
"2004_summer",2004,"erio aber",213
"2004_summer",2004,"erod cicu",4067
"2004_summer",2004,"hapl grac",3
"2005_summer",2005,"amar palm",33
"2005_summer",2005,"ambr arte",3
"2005_summer",2005,"aris adsc",333
"2005_summer",2005,"bail mult",2
"2005_summer",2005,"boer inte",681
"2005_summer",2005,"boer torr",107
"2005_summer",2005,"bout aris",1366
"2005_summer",2005,"bout barb",1479
"2005_summer",2005,"cass lept",3
"2005_summer",2005,"crot pumi",21
"2005_summer",2005,"dale brac",12
"2005_summer",2005,"erag arid",5
"2005_summer",2005,"erio aber",176
"2005_summer",2005,"erio poly",19
"2005_summer",2005,"euph exst",1
"2005_summer",2005,"euph serp",59
"2005_summer",2005,"euph serr",1
"2005_summer",2005,"hapl grac",11
"2005_summer",2005,"ipom cost",9
"2005_summer",2005,"kall gran",6
"2005_summer",2005,"mach tanr",1
"2005_summer",2005,"pani ariz",2
"2005_summer",2005,"pani hirt",383
"2005_summer",2005,"pect papp",199
"2005_summer",2005,"prob parv",1
"2005_summer",2005,"sida spin",8
"2005_summer",2005,"tide lanu",200
"2005_summer",2005,"erig dive",1
"2005_summer",2005,"erio aber",3229
"2005_summer",2005,"erod cicu",4239
"2005_summer",2005,"hapl grac",146
"2005_summer",2005,"pani hirt",26
"2006_summer",2006,"amar palm",98
"2006_summer",2006,"aris adsc",361
"2006_summer",2006,"bail mult",1
"2006_summer",2006,"boer inte",281
"2006_summer",2006,"boer torr",188
"2006_summer",2006,"bout aris",491
"2006_summer",2006,"bout barb",637
"2006_summer",2006,"cass lept",12
"2006_summer",2006,"chlo virg",1
"2006_summer",2006,"crot pumi",80
"2006_summer",2006,"dale brac",38
"2006_summer",2006,"erag arid",5
"2006_summer",2006,"erag cili",6
"2006_summer",2006,"erio lemm",14
"2006_summer",2006,"erod cicu",2241
"2006_summer",2006,"euph exst",2
"2006_summer",2006,"euph micr",67
"2006_summer",2006,"euph serp",364
"2006_summer",2006,"euph serr",35
"2006_summer",2006,"ipom cost",1
"2006_summer",2006,"kall gran",28
"2006_summer",2006,"moll cerv",74
"2006_summer",2006,"moll vert",193
"2006_summer",2006,"pani ariz",219
"2006_summer",2006,"pani hirt",214
"2006_summer",2006,"pani mili",1
"2006_summer",2006,"pect papp",478
"2006_summer",2006,"port parv",8
"2006_summer",2006,"sals kali",7
"2006_summer",2006,"sanv aber",3
"2006_summer",2006,"sida spin",11
"2006_summer",2006,"tide lanu",297
"2006_summer",2006,"tria port",14
"2006_summer",2006,"verb ence",2
"2007_summer",2007,"amar palm",122
"2007_summer",2007,"ambr arte",11
"2007_summer",2007,"aris adsc",820
"2007_summer",2007,"boer inte",441
"2007_summer",2007,"boer torr",177
"2007_summer",2007,"bout aris",2491
"2007_summer",2007,"bout barb",618
"2007_summer",2007,"cass lept",1
"2007_summer",2007,"chlo virg",4
"2007_summer",2007,"crot pumi",37
"2007_summer",2007,"dale brac",15
"2007_summer",2007,"erag cili",42
"2007_summer",2007,"erig dive",2
"2007_summer",2007,"erio aber",1
"2007_summer",2007,"erio lemm",27
"2007_summer",2007,"euph micr",2
"2007_summer",2007,"euph serp",14
"2007_summer",2007,"euph serr",1
"2007_summer",2007,"hapl grac",15
"2007_summer",2007,"ipom cost",2
"2007_summer",2007,"moll vert",1
"2007_summer",2007,"pani ariz",3
"2007_summer",2007,"pani hirt",44
"2007_summer",2007,"pani mili",9
"2007_summer",2007,"pect papp",145
"2007_summer",2007,"port parv",1
"2007_summer",2007,"sida spin",2
"2007_summer",2007,"tide lanu",78
"2007_summer",2007,"tria port",2
"2007_summer",2007,"bail mult",1
"2007_summer",2007,"dale brac",2
"2007_summer",2007,"erig dive",9
"2007_summer",2007,"erio aber",5
"2007_summer",2007,"erod cicu",3444
"2007_summer",2007,"hapl grac",22
"2008_summer",2008,"amar palm",804
"2008_summer",2008,"aris adsc",4063
"2008_summer",2008,"boer inte",15
"2008_summer",2008,"boer torr",7
"2008_summer",2008,"bout aris",5549
"2008_summer",2008,"bout barb",387
"2008_summer",2008,"cass lept",106
"2008_summer",2008,"chen frem",1
"2008_summer",2008,"chlo virg",1
"2008_summer",2008,"crot pumi",504
"2008_summer",2008,"dale brac",113
"2008_summer",2008,"erag arid",224
"2008_summer",2008,"erag cili",7
"2008_summer",2008,"euph serr",2
"2008_summer",2008,"ipom cost",2
"2008_summer",2008,"kall gran",6
"2008_summer",2008,"moll cerv",5
"2008_summer",2008,"pani ariz",772
"2008_summer",2008,"pani hirt",478
"2008_summer",2008,"pani mili",122
"2008_summer",2008,"sida spin",18
"2008_summer",2008,"tide lanu",156
"2008_summer",2008,"bail mult",3
"2008_summer",2008,"dith wisl",2
"2008_summer",2008,"erig dive",41
"2008_summer",2008,"erio aber",21
"2008_summer",2008,"erod cicu",2385
"2008_summer",2008,"hapl grac",239
"2009_summer",2009,"erod cicu",2
"2011_summer",2011,"amar palm",89
"2011_summer",2011,"aris adsc",28
"2011_summer",2011,"boer inte",109
"2011_summer",2011,"boer torr",122
"2011_summer",2011,"bout aris",50
"2011_summer",2011,"bout barb",389
"2011_summer",2011,"cass lept",18
"2011_summer",2011,"crot pumi",55
"2011_summer",2011,"dale brac",103
"2011_summer",2011,"erio lemm",19
"2011_summer",2011,"erio poly",35
"2011_summer",2011,"euph exst",1
"2011_summer",2011,"euph micr",1
"2011_summer",2011,"kall gran",15
"2011_summer",2011,"kall hirs",49
"2011_summer",2011,"moll cerv",25
"2011_summer",2011,"moll vert",17
"2011_summer",2011,"pani ariz",278
"2011_summer",2011,"pani hirt",320
"2011_summer",2011,"pani mili",1
"2011_summer",2011,"sals kali",1
"2011_summer",2011,"sanv aber",1
"2011_summer",2011,"sida spin",2
"2011_summer",2011,"tide lanu",48
"2011_summer",2011,"trag bert",3
"2011_summer",2011,"tria port",27
"2011_summer",2011,"bail mult",1
"2012_summer",2012,"ambr arte",7
"2012_summer",2012,"dith wisl",4
"2012_summer",2012,"erod cicu",1010
"2012_summer",2012,"mach tanr",2
"2013_summer",2013,"bail mult",1
"2013_summer",2013,"erod cicu",117
"2013_summer",2013,"pani hirt",1
"2014_summer",2014,"amar palm",2287
"2014_summer",2014,"ambr arte",1
"2014_summer",2014,"aris adsc",2974
"2014_summer",2014,"boer inte",76
"2014_summer",2014,"boer torr",40
"2014_summer",2014,"bout aris",7840
"2014_summer",2014,"bout barb",739
"2014_summer",2014,"cass lept",35
"2014_summer",2014,"chlo virg",10
"2014_summer",2014,"crot pumi",121
"2014_summer",2014,"dale brac",13
"2014_summer",2014,"erag arid",6
"2014_summer",2014,"erag cili",8
"2014_summer",2014,"erio aber",15
"2014_summer",2014,"erio lemm",221
"2014_summer",2014,"euph micr",7
"2014_summer",2014,"euph serp",62
"2014_summer",2014,"euph serr",6
"2014_summer",2014,"ipom cost",5
"2014_summer",2014,"kall cali",3
"2014_summer",2014,"kall gran",2
"2014_summer",2014,"kall hirs",1
"2014_summer",2014,"moll cerv",30
"2014_summer",2014,"moll vert",19
"2014_summer",2014,"pani ariz",116
"2014_summer",2014,"pani hirt",250
"2014_summer",2014,"pani mili",4
"2014_summer",2014,"pect papp",34
"2014_summer",2014,"sanv aber",1
"2014_summer",2014,"sida spin",14
"2014_summer",2014,"tide lanu",223
"2014_summer",2014,"trag bert",2
"2014_summer",2014,"tria port",23
"2014_summer",2014,"erod cicu",200
"2014_summer",2014,"sida spin",1
"2015_summer",2015,"amar palm",1804
"2015_summer",2015,"aris adsc",4855
"2015_summer",2015,"bail mult",4
"2015_summer",2015,"boer inte",74
"2015_summer",2015,"boer torr",38
"2015_summer",2015,"bout aris",15364
"2015_summer",2015,"bout barb",151
"2015_summer",2015,"cass lept",1
"2015_summer",2015,"chlo virg",16
"2015_summer",2015,"dale brac",2
"2015_summer",2015,"erio aber",18
"2015_summer",2015,"erio lemm",76
"2015_summer",2015,"euph micr",3
"2015_summer",2015,"euph serp",38
"2015_summer",2015,"euph serr",10
"2015_summer",2015,"ipom cost",1
"2015_summer",2015,"kall cali",1
"2015_summer",2015,"kall hirs",2
"2015_summer",2015,"pani ariz",17
"2015_summer",2015,"pani hirt",34
"2015_summer",2015,"pseu cane",1
"2015_summer",2015,"sida spin",1
"2015_summer",2015,"tide lanu",50
"2015_summer",2015,"bail mult",2
"2015_summer",2015,"crot pumi",1
"2015_summer",2015,"erig dive",11
"2015_summer",2015,"erio aber",171
"2015_summer",2015,"erod cicu",55
"2015_summer",2015,"hete suba",1
"2015_summer",2015,"laen coul",6
"2015_summer",2015,"pani ariz",2
"2015_summer",2015,"pseu cane",4
"2016_summer",2016,"amar palm",99
"2016_summer",2016,"ambr arte",1
"2016_summer",2016,"aris adsc",562
"2016_summer",2016,"boer inte",26
"2016_summer",2016,"boer torr",27
"2016_summer",2016,"bout aris",2034
"2016_summer",2016,"bout barb",4
"2016_summer",2016,"cass lept",1
"2016_summer",2016,"chen frem",3
"2016_summer",2016,"crot pumi",2
"2016_summer",2016,"erio lemm",2
"2016_summer",2016,"euph serp",13
"2016_summer",2016,"euph serr",1
"2016_summer",2016,"kall cali",1
"2016_summer",2016,"kall gran",2
"2016_summer",2016,"kall hirs",2
"2016_summer",2016,"pani ariz",22
"2016_summer",2016,"pani hirt",24
"2016_summer",2016,"pect papp",1
"2016_summer",2016,"tide lanu",42
"2016_summer",2016,"ambr arte",3
"2016_summer",2016,"bail mult",3
"2016_summer",2016,"chen frem",27
"2016_summer",2016,"erag cili",1
"2016_summer",2016,"erio aber",9
"2016_summer",2016,"erio lemm",1
"2016_summer",2016,"erod cicu",4
"2017_summer",2017,"amar palm",1136
"2017_summer",2017,"ambr arte",5
"2017_summer",2017,"aris adsc",1700
"2017_summer",2017,"boer inte",237
"2017_summer",2017,"boer torr",162
"2017_summer",2017,"bout aris",5343
"2017_summer",2017,"bout barb",143
"2017_summer",2017,"cass lept",19
"2017_summer",2017,"chen frem",46
"2017_summer",2017,"chlo virg",6
"2017_summer",2017,"crot pumi",10
"2017_summer",2017,"dale brac",45
"2017_summer",2017,"erag cili",35
"2017_summer",2017,"erio aber",37
"2017_summer",2017,"erio lemm",110
"2017_summer",2017,"euph micr",3
"2017_summer",2017,"euph serp",85
"2017_summer",2017,"euph serr",8
"2017_summer",2017,"ipom cost",10
"2017_summer",2017,"kall cali",11
"2017_summer",2017,"moll cerv",6
"2017_summer",2017,"pani ariz",125
"2017_summer",2017,"pani hirt",173
"2017_summer",2017,"pani mili",1
"2017_summer",2017,"port parv",1
"2017_summer",2017,"sals kali",1
"2017_summer",2017,"sanv aber",2
"2017_summer",2017,"sida spin",8
"2017_summer",2017,"tide lanu",259
"2017_summer",2017,"tria port",22
"2017_summer",2017,"ambr arte",8
"2017_summer",2017,"chen frem",381
"2017_summer",2017,"erig dive",1
"2017_summer",2017,"erio aber",185
"2017_summer",2017,"erio lemm",1
"2017_summer",2017,"erod cicu",195
"2017_summer",2017,"pseu cane",3
"2017_summer",2017,"sals kali",7
"2018_summer",2018,"amar palm",2
"2018_summer",2018,"aris adsc",4
"2018_summer",2018,"boer inte",22
"2018_summer",2018,"boer torr",4
"2018_summer",2018,"crot pumi",1
"2018_summer",2018,"erio lemm",5
"2018_summer",2018,"euph serp",1
"2018_summer",2018,"kall gran",1
"2018_summer",2018,"pani hirt",7
"2018_summer",2018,"tide lanu",29
"2018_summer",2018,"tria port",4
"2018_summer",2018,"chen frem",52
"2018_summer",2018,"erio aber",71
"2018_summer",2018,"erod cicu",43
"2019_summer",2019,"ambr arte",2
"2019_summer",2019,"bail mult",11
"2019_summer",2019,"chen frem",3
"2019_summer",2019,"dale brac",2
"2019_summer",2019,"dith wisl",1
"2019_summer",2019,"erig dive",34
"2019_summer",2019,"erio aber",23
"2019_summer",2019,"erod cicu",599
"2019_summer",2019,"laen coul",2
"1983_winter",1983,"bail mult",4
"1983_winter",1983,"chen frem",96
"1983_winter",1983,"erio aber",2629
"1983_winter",1983,"astr allo",14
"1983_winter",1983,"astr nutt",8
"1983_winter",1983,"bail mult",29
"1983_winter",1983,"cryp cras",124
"1983_winter",1983,"cryp micr",815
"1983_winter",1983,"desc pinn",1918
"1983_winter",1983,"eria diff",4044
"1983_winter",1983,"erig dive",44
"1983_winter",1983,"erio aber",10357
"1983_winter",1983,"erod cicu",10
"1983_winter",1983,"erod texa",1
"1983_winter",1983,"esch mexi",108
"1983_winter",1983,"gili sinu",459
"1983_winter",1983,"hapl grac",3
"1983_winter",1983,"lepi lasi",7
"1983_winter",1983,"lesq gord",2
"1983_winter",1983,"mala fend",724
"1983_winter",1983,"micr lene",10
"1983_winter",1983,"phac ariz",189
"1983_winter",1983,"sper echi",199
"1983_winter",1983,"step exig",7
"1985_winter",1985,"bail mult",173
"1985_winter",1985,"erio aber",112
"1985_winter",1985,"astr allo",23
"1985_winter",1985,"astr nutt",10
"1985_winter",1985,"bail mult",837
"1985_winter",1985,"chae stev",5
"1985_winter",1985,"cryp cras",329
"1985_winter",1985,"cryp micr",796
"1985_winter",1985,"desc pinn",999
"1985_winter",1985,"eria diff",10072
"1985_winter",1985,"erig dive",306
"1985_winter",1985,"erio aber",810
"1985_winter",1985,"erod cicu",238
"1985_winter",1985,"esch mexi",3
"1985_winter",1985,"gili sinu",329
"1985_winter",1985,"hapl grac",142
"1985_winter",1985,"lepi lasi",6
"1985_winter",1985,"lesq gord",16
"1985_winter",1985,"mala fend",430
"1985_winter",1985,"micr lene",23
"1985_winter",1985,"phac ariz",12
"1985_winter",1985,"plan purs",5
"1985_winter",1985,"sper echi",335
"1985_winter",1985,"step exig",147
"1986_winter",1986,"bail mult",307
"1986_winter",1986,"erio aber",141
"1986_winter",1986,"astr allo",2
"1986_winter",1986,"astr nutt",15
"1986_winter",1986,"bail mult",639
"1986_winter",1986,"chae stev",28
"1986_winter",1986,"cryp cras",69
"1986_winter",1986,"cryp micr",233
"1986_winter",1986,"desc pinn",152
"1986_winter",1986,"eria diff",1213
"1986_winter",1986,"erig dive",472
"1986_winter",1986,"erio aber",779
"1986_winter",1986,"erod cicu",33
"1986_winter",1986,"erod texa",1
"1986_winter",1986,"esch mexi",138
"1986_winter",1986,"gili sinu",7
"1986_winter",1986,"hapl grac",2183
"1986_winter",1986,"lepi lasi",8
"1986_winter",1986,"lesq gord",14
"1986_winter",1986,"mala fend",57
"1986_winter",1986,"micr lene",10
"1986_winter",1986,"phac ariz",6
"1986_winter",1986,"plan purs",6
"1986_winter",1986,"sper echi",284
"1986_winter",1986,"step exig",36
"1988_winter",1988,"bail mult",13
"1988_winter",1988,"chen frem",1
"1988_winter",1988,"erio aber",129
"1988_winter",1988,"astr allo",2
"1988_winter",1988,"astr nutt",15
"1988_winter",1988,"bail mult",15
"1988_winter",1988,"chae stev",118
"1988_winter",1988,"cryp cras",6
"1988_winter",1988,"cryp micr",288
"1988_winter",1988,"desc pinn",75
"1988_winter",1988,"eria diff",1795
"1988_winter",1988,"erig dive",23
"1988_winter",1988,"erio aber",531
"1988_winter",1988,"erod cicu",51
"1988_winter",1988,"erod texa",1
"1988_winter",1988,"esch mexi",148
"1988_winter",1988,"gili sinu",71
"1988_winter",1988,"hapl grac",6339
"1988_winter",1988,"lepi lasi",1
"1988_winter",1988,"lesq gord",4
"1988_winter",1988,"mala fend",58
"1988_winter",1988,"micr lene",8
"1988_winter",1988,"phac ariz",5
"1988_winter",1988,"plan purs",12
"1988_winter",1988,"sper echi",261
"1988_winter",1988,"step exig",95
"1990_winter",1990,"bail mult",8
"1990_winter",1990,"dale brac",35
"1990_winter",1990,"erio aber",7
"1990_winter",1990,"erio lemm",2
"1990_winter",1990,"pani hirt",189
"1990_winter",1990,"astr allo",4
"1990_winter",1990,"astr nutt",4
"1990_winter",1990,"bail mult",52
"1990_winter",1990,"dith wisl",1
"1990_winter",1990,"erig dive",1
"1990_winter",1990,"erio aber",3
"1990_winter",1990,"erod cicu",101
"1990_winter",1990,"hapl grac",37
"1990_winter",1990,"pani hirt",2
"1990_winter",1990,"sper echi",2
"1990_winter",1990,"step exig",3
"1991_winter",1991,"bail mult",36
"1991_winter",1991,"chen frem",9
"1991_winter",1991,"dale brac",6
"1991_winter",1991,"erig dive",18
"1991_winter",1991,"erio aber",175
"1991_winter",1991,"hapl grac",7
"1991_winter",1991,"pani hirt",5
"1991_winter",1991,"astr allo",3
"1991_winter",1991,"astr nutt",17
"1991_winter",1991,"bail mult",46
"1991_winter",1991,"caly wrig",1
"1991_winter",1991,"chae stev",3
"1991_winter",1991,"chen frem",24
"1991_winter",1991,"cryp cras",7
"1991_winter",1991,"cryp micr",41
"1991_winter",1991,"desc pinn",26
"1991_winter",1991,"dith wisl",2
"1991_winter",1991,"eria diff",277
"1991_winter",1991,"erig dive",60
"1991_winter",1991,"erio aber",221
"1991_winter",1991,"erod cicu",5
"1991_winter",1991,"gili sinu",68
"1991_winter",1991,"hapl grac",434
"1991_winter",1991,"lesq gord",2
"1991_winter",1991,"lupi conc",15
"1991_winter",1991,"mala fend",61
"1991_winter",1991,"micr lene",7
"1991_winter",1991,"nama hisp",1
"1991_winter",1991,"oeno prim",19
"1991_winter",1991,"phac ariz",33
"1991_winter",1991,"plag ariz",3
"1991_winter",1991,"plan purs",11
"1991_winter",1991,"sper echi",220
"1991_winter",1991,"step exig",27
"1991_winter",1991,"vulp octo",56
"1994_winter",1994,"ambr arte",1
"1994_winter",1994,"dale brac",1
"1994_winter",1994,"erio aber",31
"1994_winter",1994,"ambr arte",8
"1994_winter",1994,"astr nutt",13
"1994_winter",1994,"bail mult",4
"1994_winter",1994,"caly wrig",48
"1994_winter",1994,"chae stev",431
"1994_winter",1994,"chen frem",5
"1994_winter",1994,"cryp cras",9
"1994_winter",1994,"cryp micr",428
"1994_winter",1994,"desc pinn",169
"1994_winter",1994,"dith wisl",4
"1994_winter",1994,"eria diff",867
"1994_winter",1994,"erig dive",4
"1994_winter",1994,"erio aber",224
"1994_winter",1994,"erod cicu",111
"1994_winter",1994,"esch mexi",8
"1994_winter",1994,"gili sinu",19
"1994_winter",1994,"hapl grac",402
"1994_winter",1994,"lapp redo",4
"1994_winter",1994,"lepi lasi",40
"1994_winter",1994,"lesq gord",1
"1994_winter",1994,"mala fend",1
"1994_winter",1994,"micr lene",20
"1994_winter",1994,"phac ariz",4
"1994_winter",1994,"plan purs",56
"1994_winter",1994,"sper echi",35
"1994_winter",1994,"step exig",108
"1994_winter",1994,"vulp octo",1719
"1995_winter",1995,"bail mult",1
"1995_winter",1995,"chen frem",2
"1995_winter",1995,"erio aber",273
"1995_winter",1995,"hapl grac",351
"1995_winter",1995,"pani hirt",1
"1995_winter",1995,"ambr arte",5
"1995_winter",1995,"astr allo",13
"1995_winter",1995,"astr nutt",519
"1995_winter",1995,"bail mult",7
"1995_winter",1995,"caly wrig",124
"1995_winter",1995,"chae stev",221
"1995_winter",1995,"chen frem",38
"1995_winter",1995,"cryp cras",26
"1995_winter",1995,"cryp micr",1320
"1995_winter",1995,"desc pinn",399
"1995_winter",1995,"dith wisl",1
"1995_winter",1995,"eria diff",2253
"1995_winter",1995,"erig dive",27
"1995_winter",1995,"erio aber",635
"1995_winter",1995,"erod cicu",155
"1995_winter",1995,"esch mexi",65
"1995_winter",1995,"gili sinu",755
"1995_winter",1995,"hapl grac",827
"1995_winter",1995,"lapp redo",43
"1995_winter",1995,"lepi lasi",104
"1995_winter",1995,"lesq gord",33
"1995_winter",1995,"lina texa",2
"1995_winter",1995,"lupi conc",83
"1995_winter",1995,"mala fend",1
"1995_winter",1995,"micr lene",33
"1995_winter",1995,"nama hisp",15
"1995_winter",1995,"oeno prim",25
"1995_winter",1995,"phac ariz",222
"1995_winter",1995,"plag ariz",28
"1995_winter",1995,"plan purs",117
"1995_winter",1995,"sper echi",848
"1995_winter",1995,"step exig",129
"1995_winter",1995,"vulp octo",2796
"1996_winter",1996,"ambr arte",5
"1996_winter",1996,"dale brac",6
"1996_winter",1996,"pani hirt",23
"1997_winter",1997,"ambr arte",3
"1997_winter",1997,"bail mult",1
"1997_winter",1997,"chen frem",3
"1997_winter",1997,"dale brac",1
"1997_winter",1997,"erio aber",490
"1997_winter",1997,"hapl grac",57
"1997_winter",1997,"pani hirt",41
"1997_winter",1997,"ambr arte",11
"1997_winter",1997,"andr occi",17
"1997_winter",1997,"astr allo",3
"1997_winter",1997,"astr nutt",571
"1997_winter",1997,"bail mult",12
"1997_winter",1997,"chae stev",693
"1997_winter",1997,"chen frem",8
"1997_winter",1997,"chor tene",2
"1997_winter",1997,"cryp cras",79
"1997_winter",1997,"cryp micr",375
"1997_winter",1997,"desc pinn",122
"1997_winter",1997,"eria diff",474
"1997_winter",1997,"erig dive",1
"1997_winter",1997,"erio aber",1365
"1997_winter",1997,"erod cicu",1014
"1997_winter",1997,"erod texa",1
"1997_winter",1997,"esch mexi",86
"1997_winter",1997,"gili sinu",59
"1997_winter",1997,"hapl grac",725
"1997_winter",1997,"lapp redo",190
"1997_winter",1997,"lepi lasi",18
"1997_winter",1997,"lesq gord",212
"1997_winter",1997,"lina bige",29
"1997_winter",1997,"lupi conc",20
"1997_winter",1997,"mala fend",7
"1997_winter",1997,"micr lene",71
"1997_winter",1997,"oeno prim",24
"1997_winter",1997,"phac ariz",271
"1997_winter",1997,"plag ariz",5
"1997_winter",1997,"plan purs",181
"1997_winter",1997,"schi barb",5
"1997_winter",1997,"sper echi",188
"1997_winter",1997,"step exig",26
"1997_winter",1997,"vulp octo",300
"1998_winter",1998,"ambr arte",4
"1998_winter",1998,"chen frem",1
"1998_winter",1998,"dale brac",22
"1998_winter",1998,"erio aber",333
"1998_winter",1998,"hapl grac",3
"1998_winter",1998,"ambr arte",1
"1998_winter",1998,"andr occi",2
"1998_winter",1998,"astr allo",2
"1998_winter",1998,"astr nutt",56
"1998_winter",1998,"bail mult",1
"1998_winter",1998,"chae stev",471
"1998_winter",1998,"chen frem",10
"1998_winter",1998,"cryp cras",14
"1998_winter",1998,"cryp micr",42
"1998_winter",1998,"desc pinn",46
"1998_winter",1998,"eria diff",69
"1998_winter",1998,"erio aber",700
"1998_winter",1998,"erod cicu",2219
"1998_winter",1998,"esch mexi",37
"1998_winter",1998,"gili sinu",7
"1998_winter",1998,"hapl grac",18
"1998_winter",1998,"lapp redo",200
"1998_winter",1998,"lesq gord",60
"1998_winter",1998,"lina bige",16
"1998_winter",1998,"lupi conc",21
"1998_winter",1998,"mala fend",1
"1998_winter",1998,"micr lene",67
"1998_winter",1998,"oeno prim",2
"1998_winter",1998,"phac ariz",6
"1998_winter",1998,"plag ariz",5
"1998_winter",1998,"plan purs",50
"1998_winter",1998,"schi barb",21
"1998_winter",1998,"sper echi",74
"1998_winter",1998,"step exig",3
"1998_winter",1998,"vulp octo",124
"1999_winter",1999,"dale brac",36
"1999_winter",1999,"erod cicu",65
"1999_winter",1999,"pani hirt",28
"1999_winter",1999,"astr nutt",1
"1999_winter",1999,"eria diff",1
"1999_winter",1999,"erio aber",58
"1999_winter",1999,"erod cicu",26
"2000_winter",2000,"dale brac",1
"2000_winter",2000,"pani hirt",11
"2001_winter",2001,"ambr arte",5
"2001_winter",2001,"bail mult",1
"2001_winter",2001,"dale brac",1
"2001_winter",2001,"erio aber",221
"2001_winter",2001,"erio lemm",1
"2001_winter",2001,"erod cicu",1
"2001_winter",2001,"hapl grac",18
"2001_winter",2001,"pani hirt",17
"2001_winter",2001,"astr allo",11
"2001_winter",2001,"astr nutt",629
"2001_winter",2001,"bail mult",4
"2001_winter",2001,"chae stev",493
"2001_winter",2001,"chen frem",246
"2001_winter",2001,"cryp cras",72
"2001_winter",2001,"cryp micr",193
"2001_winter",2001,"desc pinn",192
"2001_winter",2001,"eria diff",151
"2001_winter",2001,"erig dive",25
"2001_winter",2001,"erio aber",9
"2001_winter",2001,"erod cicu",1786
"2001_winter",2001,"esch mexi",52
"2001_winter",2001,"gili sinu",40
"2001_winter",2001,"hapl grac",33
"2001_winter",2001,"lepi lasi",2
"2001_winter",2001,"lesq gord",330
"2001_winter",2001,"lina texa",2
"2001_winter",2001,"lupi conc",7
"2001_winter",2001,"mala fend",2
"2001_winter",2001,"micr lene",2
"2001_winter",2001,"nama hisp",4
"2001_winter",2001,"oeno prim",30
"2001_winter",2001,"phac ariz",206
"2001_winter",2001,"plag ariz",8
"2001_winter",2001,"plan purs",63
"2001_winter",2001,"sper echi",196
"2001_winter",2001,"step exig",3
"2001_winter",2001,"vulp octo",74
"2002_winter",2002,"ambr arte",5
"2002_winter",2002,"dale brac",217
"2002_winter",2002,"erio aber",2
"2002_winter",2002,"erio lemm",11
"2002_winter",2002,"erod cicu",8
"2002_winter",2002,"pani hirt",254
"2002_winter",2002,"ambr arte",4
"2002_winter",2002,"chae stev",337
"2002_winter",2002,"eria diff",1
"2002_winter",2002,"erig dive",4
"2002_winter",2002,"erio aber",512
"2002_winter",2002,"erod cicu",669
"2002_winter",2002,"erod texa",98
"2002_winter",2002,"hapl grac",2
"2002_winter",2002,"lapp redo",1
"2003_winter",2003,"astr allo",1
"2003_winter",2003,"astr nutt",3
"2003_winter",2003,"bail mult",1
"2003_winter",2003,"chae stev",117
"2003_winter",2003,"cryp cras",3
"2003_winter",2003,"desc pinn",160
"2003_winter",2003,"eria diff",24
"2003_winter",2003,"erio aber",63
"2003_winter",2003,"erod cicu",3923
"2003_winter",2003,"hapl grac",8
"2003_winter",2003,"lapp redo",26
"2003_winter",2003,"lesq gord",198
"2003_winter",2003,"phac ariz",2
"2003_winter",2003,"plan purs",31
"2003_winter",2003,"sisy irio",1
"2003_winter",2003,"sper echi",7
"2003_winter",2003,"vulp octo",107
"2004_winter",2004,"bail mult",1
"2004_winter",2004,"dale brac",24
"2004_winter",2004,"erio aber",59
"2004_winter",2004,"erod cicu",90
"2004_winter",2004,"hapl grac",1
"2004_winter",2004,"pani hirt",342
"2004_winter",2004,"astr allo",6
"2004_winter",2004,"astr nutt",126
"2004_winter",2004,"bail mult",1
"2004_winter",2004,"chae stev",254
"2004_winter",2004,"cryp cras",3
"2004_winter",2004,"cryp micr",24
"2004_winter",2004,"desc pinn",130
"2004_winter",2004,"eria diff",11
"2004_winter",2004,"erig dive",1
"2004_winter",2004,"erio aber",213
"2004_winter",2004,"erod cicu",4067
"2004_winter",2004,"erod texa",1
"2004_winter",2004,"esch mexi",51
"2004_winter",2004,"gili sinu",6
"2004_winter",2004,"hapl grac",3
"2004_winter",2004,"lapp redo",10
"2004_winter",2004,"lepi lasi",5
"2004_winter",2004,"lesq gord",284
"2004_winter",2004,"lina bige",10
"2004_winter",2004,"mala fend",4
"2004_winter",2004,"micr lene",3
"2004_winter",2004,"oeno prim",15
"2004_winter",2004,"phac ariz",8
"2004_winter",2004,"plag ariz",1
"2004_winter",2004,"plan purs",19
"2004_winter",2004,"sper echi",19
"2004_winter",2004,"step exig",1
"2004_winter",2004,"vulp octo",60
"2005_winter",2005,"ambr arte",3
"2005_winter",2005,"bail mult",2
"2005_winter",2005,"dale brac",12
"2005_winter",2005,"erio aber",176
"2005_winter",2005,"hapl grac",11
"2005_winter",2005,"pani hirt",383
"2005_winter",2005,"amsi tess",8
"2005_winter",2005,"andr occi",1
"2005_winter",2005,"astr allo",21
"2005_winter",2005,"astr nutt",414
"2005_winter",2005,"caly wrig",2
"2005_winter",2005,"chae stev",1797
"2005_winter",2005,"cryp cras",155
"2005_winter",2005,"cryp micr",55
"2005_winter",2005,"desc pinn",312
"2005_winter",2005,"eria diff",111
"2005_winter",2005,"erig dive",1
"2005_winter",2005,"erio aber",3229
"2005_winter",2005,"erod cicu",4239
"2005_winter",2005,"erod texa",1
"2005_winter",2005,"esch mexi",26
"2005_winter",2005,"gili sinu",19
"2005_winter",2005,"hapl grac",146
"2005_winter",2005,"lepi lasi",15
"2005_winter",2005,"lesq gord",654
"2005_winter",2005,"lina bige",335
"2005_winter",2005,"lupi conc",4
"2005_winter",2005,"micr lene",39
"2005_winter",2005,"oeno prim",9
"2005_winter",2005,"pani hirt",26
"2005_winter",2005,"phac ariz",6
"2005_winter",2005,"plag ariz",96
"2005_winter",2005,"plan purs",33
"2005_winter",2005,"sper echi",67
"2005_winter",2005,"step exig",22
"2005_winter",2005,"vulp octo",668
"2006_winter",2006,"astr nutt",79
"2006_winter",2006,"bail mult",1
"2006_winter",2006,"dale brac",38
"2006_winter",2006,"erio lemm",14
"2006_winter",2006,"erod cicu",2241
"2006_winter",2006,"pani hirt",214
"2006_winter",2006,"cryp cras",7
"2007_winter",2007,"ambr arte",11
"2007_winter",2007,"dale brac",15
"2007_winter",2007,"erig dive",2
"2007_winter",2007,"erio aber",1
"2007_winter",2007,"erio lemm",27
"2007_winter",2007,"hapl grac",15
"2007_winter",2007,"pani hirt",44
"2007_winter",2007,"astr allo",1
"2007_winter",2007,"astr nutt",239
"2007_winter",2007,"bail mult",1
"2007_winter",2007,"chae stev",4
"2007_winter",2007,"cryp cras",15
"2007_winter",2007,"cryp micr",2
"2007_winter",2007,"dale brac",2
"2007_winter",2007,"desc pinn",12
"2007_winter",2007,"eria diff",21
"2007_winter",2007,"erig dive",9
"2007_winter",2007,"erio aber",5
"2007_winter",2007,"erod cicu",3444
"2007_winter",2007,"esch mexi",1
"2007_winter",2007,"gili sinu",1
"2007_winter",2007,"hapl grac",22
"2007_winter",2007,"lepi lasi",1
"2007_winter",2007,"lesq gord",57
"2007_winter",2007,"lupi conc",3
"2007_winter",2007,"nama hisp",2
"2007_winter",2007,"oeno prim",2
"2007_winter",2007,"plan purs",11
"2007_winter",2007,"sper echi",42
"2007_winter",2007,"vulp octo",47
"2008_winter",2008,"chen frem",1
"2008_winter",2008,"dale brac",113
"2008_winter",2008,"pani hirt",478
"2008_winter",2008,"astr nutt",122
"2008_winter",2008,"bail mult",3
"2008_winter",2008,"chae stev",30
"2008_winter",2008,"cryp cras",22
"2008_winter",2008,"cryp micr",6
"2008_winter",2008,"desc pinn",144
"2008_winter",2008,"dith wisl",2
"2008_winter",2008,"eria diff",19
"2008_winter",2008,"erig dive",41
"2008_winter",2008,"erio aber",21
"2008_winter",2008,"erod cicu",2385
"2008_winter",2008,"esch mexi",5
"2008_winter",2008,"gili sinu",14
"2008_winter",2008,"hapl grac",239
"2008_winter",2008,"lepi lasi",2
"2008_winter",2008,"lesq gord",42
"2008_winter",2008,"micr lene",1
"2008_winter",2008,"oeno prim",1
"2008_winter",2008,"plan purs",57
"2008_winter",2008,"sper echi",18
"2008_winter",2008,"vulp octo",21
"2009_winter",2009,"astr nutt",1
"2009_winter",2009,"erod cicu",2
"2009_winter",2009,"lesq gord",2
"2011_winter",2011,"dale brac",103
"2011_winter",2011,"erio lemm",19
"2011_winter",2011,"pani hirt",320
"2011_winter",2011,"bail mult",1
"2012_winter",2012,"ambr arte",7
"2012_winter",2012,"astr nutt",1949
"2012_winter",2012,"chae stev",188
"2012_winter",2012,"cryp cras",4
"2012_winter",2012,"cryp micr",15
"2012_winter",2012,"desc obtu",39
"2012_winter",2012,"desc pinn",203
"2012_winter",2012,"dith wisl",4
"2012_winter",2012,"eria diff",49
"2012_winter",2012,"erod cicu",1010
"2012_winter",2012,"esch mexi",100
"2012_winter",2012,"gili sinu",13
"2012_winter",2012,"lapp redo",57
"2012_winter",2012,"lepi lasi",21
"2012_winter",2012,"lesq gord",310
"2012_winter",2012,"lina bige",77
"2012_winter",2012,"lupi conc",6
"2012_winter",2012,"mala fend",3
"2012_winter",2012,"micr lene",3
"2012_winter",2012,"oeno prim",11
"2012_winter",2012,"pect recu",11
"2012_winter",2012,"phac ariz",194
"2012_winter",2012,"plag ariz",6
"2012_winter",2012,"plan purs",19
"2012_winter",2012,"sper echi",68
"2012_winter",2012,"vulp octo",3
"2013_winter",2013,"astr nutt",24
"2013_winter",2013,"bail mult",1
"2013_winter",2013,"chae stev",20
"2013_winter",2013,"cryp micr",2
"2013_winter",2013,"desc pinn",2
"2013_winter",2013,"erod cicu",117
"2013_winter",2013,"esch mexi",1
"2013_winter",2013,"lepi lasi",3
"2013_winter",2013,"lesq gord",62
"2013_winter",2013,"mala fend",2
"2013_winter",2013,"pani hirt",1
"2013_winter",2013,"pect recu",1
"2013_winter",2013,"phac ariz",2
"2014_winter",2014,"ambr arte",1
"2014_winter",2014,"dale brac",13
"2014_winter",2014,"erio aber",15
"2014_winter",2014,"erio lemm",221
"2014_winter",2014,"pani hirt",250
"2014_winter",2014,"astr allo",1
"2014_winter",2014,"astr nutt",451
"2014_winter",2014,"chae stev",320
"2014_winter",2014,"cryp micr",25
"2014_winter",2014,"desc obtu",2
"2014_winter",2014,"desc pinn",285
"2014_winter",2014,"eria diff",72
"2014_winter",2014,"erod cicu",200
"2014_winter",2014,"esch mexi",84
"2014_winter",2014,"gili sinu",7
"2014_winter",2014,"lapp redo",2
"2014_winter",2014,"lepi lasi",50
"2014_winter",2014,"lesq gord",163
"2014_winter",2014,"lina bige",116
"2014_winter",2014,"lupi conc",3
"2014_winter",2014,"mala fend",5
"2014_winter",2014,"oeno prim",7
"2014_winter",2014,"pect recu",16
"2014_winter",2014,"phac ariz",255
"2014_winter",2014,"plag ariz",2
"2014_winter",2014,"plan purs",6
"2014_winter",2014,"sisy irio",1
"2014_winter",2014,"sper echi",35
"2014_winter",2014,"vulp octo",1
"2015_winter",2015,"bail mult",4
"2015_winter",2015,"dale brac",2
"2015_winter",2015,"erio aber",18
"2015_winter",2015,"erio lemm",76
"2015_winter",2015,"pani hirt",34
"2015_winter",2015,"pseu cane",1
"2015_winter",2015,"amsi tess",2
"2015_winter",2015,"astr allo",3
"2015_winter",2015,"astr nutt",301
"2015_winter",2015,"bail mult",2
"2015_winter",2015,"chae stev",157
"2015_winter",2015,"cryp cras",2
"2015_winter",2015,"cryp micr",24
"2015_winter",2015,"desc obtu",12
"2015_winter",2015,"desc pinn",269
"2015_winter",2015,"eria diff",78
"2015_winter",2015,"erig dive",11
"2015_winter",2015,"erio aber",171
"2015_winter",2015,"erod cicu",55
"2015_winter",2015,"esch mexi",11
"2015_winter",2015,"gili sinu",2
"2015_winter",2015,"hete suba",1
"2015_winter",2015,"laen coul",6
"2015_winter",2015,"lapp redo",29
"2015_winter",2015,"lepi lasi",116
"2015_winter",2015,"lesq gord",218
"2015_winter",2015,"lina bige",31
"2015_winter",2015,"lina texa",18
"2015_winter",2015,"lupi conc",3
"2015_winter",2015,"micr lene",1
"2015_winter",2015,"nama hisp",24
"2015_winter",2015,"oeno prim",14
"2015_winter",2015,"pect recu",5
"2015_winter",2015,"phac ariz",108
"2015_winter",2015,"plag ariz",6
"2015_winter",2015,"plan purs",18
"2015_winter",2015,"pseu cane",4
"2015_winter",2015,"sper echi",66
"2015_winter",2015,"vulp octo",1
"2016_winter",2016,"ambr arte",1
"2016_winter",2016,"chen frem",3
"2016_winter",2016,"erio lemm",2
"2016_winter",2016,"pani hirt",24
"2016_winter",2016,"ambr arte",3
"2016_winter",2016,"astr nutt",4
"2016_winter",2016,"bail mult",3
"2016_winter",2016,"chae stev",3
"2016_winter",2016,"chen frem",27
"2016_winter",2016,"cryp micr",1
"2016_winter",2016,"desc pinn",21
"2016_winter",2016,"eria diff",5
"2016_winter",2016,"erio aber",9
"2016_winter",2016,"erio lemm",1
"2016_winter",2016,"erod cicu",4
"2016_winter",2016,"lepi lasi",17
"2016_winter",2016,"lesq gord",82
"2016_winter",2016,"lupi conc",2
"2016_winter",2016,"oeno prim",1
"2016_winter",2016,"plan purs",45
"2016_winter",2016,"sper echi",2
"2017_winter",2017,"ambr arte",5
"2017_winter",2017,"chen frem",46
"2017_winter",2017,"dale brac",45
"2017_winter",2017,"erio aber",37
"2017_winter",2017,"erio lemm",110
"2017_winter",2017,"pani hirt",173
"2017_winter",2017,"ambr arte",8
"2017_winter",2017,"astr allo",1
"2017_winter",2017,"astr nutt",528
"2017_winter",2017,"caly wrig",1
"2017_winter",2017,"chae stev",102
"2017_winter",2017,"chen frem",381
"2017_winter",2017,"cryp cras",4
"2017_winter",2017,"desc pinn",215
"2017_winter",2017,"eria diff",22
"2017_winter",2017,"erig dive",1
"2017_winter",2017,"erio aber",185
"2017_winter",2017,"erio lemm",1
"2017_winter",2017,"erod cicu",195
"2017_winter",2017,"lapp redo",2
"2017_winter",2017,"lepi lasi",65
"2017_winter",2017,"lesq gord",651
"2017_winter",2017,"lina bige",9
"2017_winter",2017,"lina texa",1
"2017_winter",2017,"lupi brev",12
"2017_winter",2017,"lupi conc",3
"2017_winter",2017,"mala fend",3
"2017_winter",2017,"oeno prim",14
"2017_winter",2017,"phac ariz",132
"2017_winter",2017,"plan purs",77
"2017_winter",2017,"pseu cane",3
"2017_winter",2017,"sper echi",20
"2018_winter",2018,"erio lemm",5
"2018_winter",2018,"pani hirt",7
"2018_winter",2018,"astr allo",1
"2018_winter",2018,"astr nutt",61
"2018_winter",2018,"chae stev",31
"2018_winter",2018,"chen frem",52
"2018_winter",2018,"desc pinn",41
"2018_winter",2018,"eria diff",16
"2018_winter",2018,"erio aber",71
"2018_winter",2018,"erod cicu",43
"2018_winter",2018,"lapp redo",1
"2018_winter",2018,"lepi lasi",205
"2018_winter",2018,"lesq gord",315
"2018_winter",2018,"lina bige",1
"2018_winter",2018,"micr lene",1
"2018_winter",2018,"oeno prim",2
"2018_winter",2018,"phac ariz",4
"2018_winter",2018,"plan purs",140
"2019_winter",2019,"ambr arte",2
"2019_winter",2019,"amsi tess",2
"2019_winter",2019,"astr allo",20
"2019_winter",2019,"astr nutt",2161
"2019_winter",2019,"bail mult",11
"2019_winter",2019,"chae stev",114
"2019_winter",2019,"chen frem",3
"2019_winter",2019,"cryp angu",1
"2019_winter",2019,"cryp cras",2
"2019_winter",2019,"dale brac",2
"2019_winter",2019,"desc pinn",793
"2019_winter",2019,"dith wisl",1
"2019_winter",2019,"eria diff",10
"2019_winter",2019,"erig dive",34
"2019_winter",2019,"erio aber",23
"2019_winter",2019,"erod cicu",599
"2019_winter",2019,"erod texa",6
"2019_winter",2019,"laen coul",2
"2019_winter",2019,"lapp redo",1
"2019_winter",2019,"lepi lasi",261
"2019_winter",2019,"lesq gord",2004
"2019_winter",2019,"lina bige",1
"2019_winter",2019,"lupi brev",8
"2019_winter",2019,"mala fend",4
"2019_winter",2019,"micr lene",1
"2019_winter",2019,"nama hisp",1
"2019_winter",2019,"oeno prim",25
"2019_winter",2019,"phac ariz",263
"2019_winter",2019,"plan purs",108
"2019_winter",2019,"sper echi",26
"2019_winter",2019,"vulp octo",1
